reading_id,reading_ts,temperature_c,humidity_pct,pressure_kpa,vibration_rms
1,2024-01-01 19:37:13,18.25,31.84,99.58,0.255
2,2024-01-02 00:25:27,14.89,34.82,103.01,0.49
3,2024-01-02 02:25:30,19.52,26.3,99.08,0.322
4,2024-01-03 21:40:53,25.64,28.41,102.97,0.352
5,2024-01-03 23:36:21,8.6,24.99,103.67,0.344
6,2024-01-04 02:59:10,12.52,89.29,101.72,0.604
7,2024-01-04 05:49:07,15.39,25.18,100.95,0.454
8,2024-01-04 14:23:58,27.31,29.28,102.1,0.464
9,2024-01-04 15:05:32,21.41,77.91,95.58,0.619
10,2024-01-05 16:35:30,23.84,60.62,101.9,0.472
11,2024-01-05 20:23:15,14.3,74.21,101.07,0.444
12,2024-01-06 04:58:01,14.4,64.16,101.2,0.594
13,2024-01-06 09:16:53,22.24,81.75,102.71,0.634
14,2024-01-06 15:59:44,20.29,64.69,101.15,0.471
15,2024-01-08 02:41:53,22.74,56.55,99.02,0.516
16,2024-01-09 00:24:08,19.06,69.89,101.02,0.344
17,2024-01-09 03:45:37,21.39,51.32,101.44,0.328
18,2024-01-10 05:17:32,20.79,44.22,101.53,0.654
19,2024-01-10 15:52:44,23.89,52.74,101.62,0.589
20,2024-01-10 17:38:00,24.04,31.88,103.38,0.591
21,2024-01-11 10:36:18,11.9,75.76,99.13,0.556
22,2024-01-12 17:08:44,8.76,38.25,101.65,0.509
23,2024-01-15 00:30:26,25.01,30.75,103.88,0.639
24,2024-01-15 13:04:47,25.94,37.24,97.83,0.687
25,2024-01-16 21:21:19,14.9,78.94,101.66,0.682
26,2024-01-17 10:59:08,10.7,43.11,100.13,0.48
27,2024-01-17 13:57:58,20.5,68.02,100.56,0.777
28,2024-01-20 05:26:24,24.65,79.95,99.49,0.546
29,2024-01-20 09:23:31,28.99,25.44,100.96,0.626
30,2024-01-20 15:06:40,22.58,73.55,104.98,0.556
31,2024-01-22 11:12:31,18.14,41.54,98.77,0.549
32,2024-01-24 07:15:42,15.53,35.16,98.96,0.353
33,2024-01-24 18:19:47,20.06,68.22,98.7,0.64
34,2024-01-24 21:47:02,18.5,83.69,104.75,1.069
35,2024-01-24 23:25:15,14.92,40.65,100.38,0.425
36,2024-01-25 12:16:41,30.24,59.82,101.25,0.514
37,2024-01-27 14:53:14,28.93,40.29,100.49,0.411
38,2024-01-28 03:32:52,25.68,58.8,99.41,0.402
39,2024-01-28 05:39:01,15.4,63.53,100.83,0.809
40,2024-01-28 08:00:54,24.28,62.72,106.22,0.365
41,2024-01-28 14:58:42,23.2,63.65,104.08,0.405
42,2024-01-29 01:52:55,22.21,29.46,99.59,0.183
43,2024-01-29 15:42:08,26.25,68.55,102.6,0.348
44,2024-01-29 19:46:30,23.18,67.23,99.64,0.158
45,2024-01-30 06:50:56,23.7,67.78,97.75,0.626
46,2024-01-30 14:27:22,23.18,25.18,103.34,1.06
47,2024-02-01 12:02:14,21.7,51.28,103.62,0.427
48,2024-02-02 06:53:24,11.08,48.63,103.39,0.167
49,2024-02-02 11:06:38,20.42,26.07,100.36,0.68
50,2024-02-02 15:43:53,17.22,35.57,100.97,0.355
51,2024-02-03 05:55:33,13.6,50.87,102.8,0.76
52,2024-02-03 18:52:59,28.41,72.0,102.08,0.444
53,2024-02-03 23:28:00,28.64,36.59,100.51,0.374
54,2024-02-04 05:58:50,26.8,78.08,98.06,0.464
55,2024-02-04 10:49:02,21.28,58.21,101.53,0.652
56,2024-02-05 03:44:55,26.75,73.23,103.46,0.455
57,2024-02-05 09:24:47,20.06,53.08,98.9,0.401
58,2024-02-06 03:12:32,21.01,54.94,102.58,0.46
59,2024-02-06 12:00:51,14.53,63.38,101.96,0.246
60,2024-02-06 17:27:06,21.98,84.96,102.8,0.579
61,2024-02-06 20:11:48,20.3,54.43,103.04,0.143
62,2024-02-07 02:14:01,13.49,57.01,99.91,0.411
63,2024-02-07 22:40:28,19.74,62.14,98.07,0.652
64,2024-02-08 12:37:19,19.6,71.63,100.23,0.561
65,2024-02-09 23:20:31,28.99,25.03,103.08,0.618
66,2024-02-10 03:07:43,24.47,56.1,100.22,0.487
67,2024-02-10 04:41:48,20.06,53.71,99.91,0.734
68,2024-02-10 12:45:02,21.24,84.52,97.66,0.685
69,2024-02-14 02:47:51,20.22,54.55,104.81,0.589
70,2024-02-14 03:05:04,18.99,52.78,102.95,0.686
71,2024-02-14 12:45:21,14.59,87.35,102.84,0.65
72,2024-02-16 13:02:31,19.24,51.54,103.24,0.412
73,2024-02-17 18:36:18,16.27,32.66,102.45,0.231
74,2024-02-18 01:05:46,13.75,35.18,100.81,0.584
75,2024-02-19 01:58:23,22.56,26.66,100.97,0.609
76,2024-02-19 04:19:05,21.96,20.04,100.44,0.718
77,2024-02-20 19:01:34,11.07,50.24,106.57,0.313
78,2024-02-21 11:29:08,19.39,73.85,102.41,0.319
79,2024-02-23 01:44:39,24.98,71.34,100.37,0.592
80,2024-02-24 15:29:15,25.3,22.25,102.23,0.486
81,2024-02-25 18:26:35,25.13,59.9,99.28,0.123
82,2024-02-26 00:27:22,20.19,30.8,104.31,0.575
83,2024-02-26 05:31:19,15.77,85.88,99.98,0.13
84,2024-02-26 05:38:39,14.58,31.72,102.3,0.311
85,2024-02-27 00:49:17,21.72,63.86,103.43,0.77
86,2024-02-27 04:33:00,21.9,42.84,102.07,0.865
87,2024-02-28 03:37:32,26.44,64.91,101.49,0.257
88,2024-02-29 17:45:27,25.5,48.86,101.32,0.434
89,2024-02-29 23:05:34,19.34,73.18,101.19,0.509
90,2024-03-01 19:27:52,13.78,36.15,100.15,0.856
91,2024-03-02 20:55:25,18.4,83.41,100.4,0.401
92,2024-03-02 22:19:39,21.09,55.01,104.26,0.405
93,2024-03-04 00:25:22,18.99,72.93,101.08,0.81
94,2024-03-04 01:09:48,17.11,79.48,99.73,0.425
95,2024-03-04 03:29:33,21.26,89.92,100.27,0.644
96,2024-03-04 10:25:15,17.48,35.68,103.5,0.205
97,2024-03-07 06:53:15,16.86,40.08,102.65,0.466
98,2024-03-08 09:48:12,21.56,37.53,102.42,0.168
99,2024-03-08 13:20:23,17.99,38.4,100.78,0.289
100,2024-03-08 13:26:05,21.22,60.77,102.45,0.668
101,2024-03-09 06:58:43,21.37,89.55,100.01,0.49
102,2024-03-09 07:13:18,14.3,89.32,100.78,0.436
103,2024-03-10 14:26:14,17.59,56.87,103.24,0.35
104,2024-03-10 19:11:05,27.19,64.73,103.05,0.456
105,2024-03-11 13:20:51,14.19,80.2,99.34,0.56
106,2024-03-11 18:28:45,9.42,85.31,99.59,0.697
107,2024-03-12 02:36:37,10.69,34.27,101.52,0.025
108,2024-03-13 10:53:59,20.15,57.0,104.75,0.334
109,2024-03-14 07:40:58,20.15,78.3,97.47,0.532
110,2024-03-14 15:43:46,19.41,41.22,101.86,0.48
111,2024-03-14 23:47:06,26.07,50.79,98.55,0.581
112,2024-03-15 07:15:49,6.64,88.99,100.03,0.554
113,2024-03-16 09:39:44,21.98,88.95,100.57,0.439
114,2024-03-16 15:37:26,27.81,83.43,100.46,0.395
115,2024-03-16 22:46:19,14.36,75.89,100.23,0.451
116,2024-03-17 13:40:40,18.1,38.84,101.31,0.73
117,2024-03-17 19:30:44,16.24,42.46,100.23,0.354
118,2024-03-18 15:21:07,15.53,58.31,98.38,0.487
119,2024-03-19 13:13:52,18.37,59.25,102.86,0.537
120,2024-03-19 19:50:45,27.14,55.39,102.81,0.812
121,2024-03-20 00:59:21,29.19,64.57,102.99,0.44
122,2024-03-20 02:59:19,18.32,48.58,98.22,0.692
123,2024-03-20 08:13:47,29.53,72.44,101.9,0.746
124,2024-03-20 09:12:03,20.18,43.35,102.65,0.487
125,2024-03-20 16:05:01,28.77,43.15,99.24,0.458
126,2024-03-20 17:06:31,19.53,28.91,101.32,0.434
127,2024-03-22 09:02:48,20.66,33.21,101.07,0.449
128,2024-03-23 03:00:57,21.83,79.54,104.98,0.671
129,2024-03-23 19:47:08,35.89,51.24,105.15,0.546
130,2024-03-25 19:29:19,24.26,35.95,97.97,0.547
131,2024-03-26 00:59:56,16.46,73.15,106.29,0.275
132,2024-03-26 18:00:03,24.84,58.78,99.47,0.307
133,2024-03-26 18:03:41,18.19,21.48,103.26,0.929
134,2024-03-28 14:01:13,17.55,42.15,103.24,0.464
135,2024-03-29 21:42:48,24.54,32.39,99.31,0.345
136,2024-03-30 02:02:46,20.16,65.91,102.29,0.786
137,2024-03-30 04:59:41,21.39,39.25,101.08,0.556
138,2024-03-31 12:22:43,20.07,24.55,102.41,0.616
139,2024-03-31 17:06:00,21.68,23.85,101.76,0.472
140,2024-04-01 02:26:06,22.12,60.72,103.69,0.436
141,2024-04-02 05:55:23,10.32,21.52,101.45,0.466
142,2024-04-02 14:24:20,23.33,79.42,100.96,0.223
143,2024-04-02 15:59:41,15.09,30.88,103.49,0.482
144,2024-04-02 18:32:10,12.79,62.46,102.46,0.559
145,2024-04-03 21:04:25,19.71,51.13,102.76,0.87
146,2024-04-04 09:57:56,20.42,51.0,99.97,0.517
147,2024-04-04 19:45:50,16.53,25.03,99.21,0.033
148,2024-04-05 09:17:24,24.16,76.19,100.16,0.481
149,2024-04-05 12:15:02,13.29,82.51,100.06,1.048
150,2024-04-06 05:18:45,17.97,20.77,102.87,0.673
151,2024-04-06 21:54:31,17.08,32.5,103.25,0.338
152,2024-04-07 23:31:44,19.77,83.27,100.99,0.618
153,2024-04-08 01:46:25,21.39,58.46,104.16,0.352
154,2024-04-08 09:57:40,14.96,30.5,104.04,0.229
155,2024-04-09 21:30:30,23.62,34.2,101.79,0.43
156,2024-04-10 10:25:20,20.32,66.2,99.66,0.518
157,2024-04-11 17:35:45,10.54,70.74,104.45,0.126
158,2024-04-11 20:17:18,10.21,61.96,101.18,0.27
159,2024-04-11 20:17:46,19.94,86.72,101.55,0.502
160,2024-04-12 02:39:20,18.9,54.58,100.62,0.418
161,2024-04-12 21:44:57,19.48,41.02,99.52,0.579
162,2024-04-13 01:23:10,19.86,53.41,98.36,0.257
163,2024-04-13 08:03:29,21.13,45.18,102.57,0.643
164,2024-04-13 15:27:18,24.74,35.71,99.73,0.263
165,2024-04-14 11:54:59,14.44,23.22,107.42,0.829
166,2024-04-14 16:52:02,14.14,44.65,99.13,0.157
167,2024-04-17 18:48:06,14.53,69.8,98.79,0.281
168,2024-04-18 13:36:38,21.44,21.29,102.32,0.583
169,2024-04-19 11:24:04,26.22,50.74,104.36,0.833
170,2024-04-19 17:56:26,17.84,65.08,101.43,0.563
171,2024-04-19 23:54:36,7.49,62.73,102.44,0.613
172,2024-04-21 04:45:00,11.48,74.37,97.61,0.504
173,2024-04-22 07:25:18,15.83,76.74,99.94,0.295
174,2024-04-22 21:31:22,17.21,69.82,99.15,0.402
175,2024-04-23 12:04:49,17.96,27.2,97.51,0.258
176,2024-04-23 13:35:14,20.19,53.25,101.53,0.244
177,2024-04-24 16:41:15,18.44,62.24,96.81,0.58
178,2024-04-24 18:48:37,25.25,37.19,98.66,0.275
179,2024-04-25 18:53:42,16.62,22.98,100.23,0.564
180,2024-04-26 16:30:14,15.69,35.65,99.64,0.24
181,2024-04-27 03:57:08,22.39,51.84,102.09,0.559
182,2024-04-27 14:35:44,12.32,48.98,101.91,0.402
183,2024-04-27 16:29:05,21.95,32.37,103.09,0.781
184,2024-04-29 22:54:17,20.51,77.71,102.8,0.565
185,2024-04-30 08:00:09,19.26,84.8,103.58,0.747
186,2024-05-01 06:33:22,27.94,34.09,101.3,0.349
187,2024-05-01 16:22:50,16.89,85.07,101.91,0.511
188,2024-05-02 18:34:25,30.3,21.25,102.32,0.304
189,2024-05-03 18:37:34,18.87,84.75,101.58,0.417
190,2024-05-04 08:59:26,13.61,86.64,100.51,0.448
191,2024-05-07 00:47:13,20.35,20.84,100.64,0.355
192,2024-05-07 11:53:55,14.62,73.41,99.66,0.257
193,2024-05-07 16:01:54,16.24,87.91,102.14,0.217
194,2024-05-07 23:40:34,21.99,83.41,101.11,0.032
195,2024-05-08 21:05:10,22.78,87.95,99.97,0.289
196,2024-05-09 04:00:18,16.89,58.52,99.98,0.625
197,2024-05-10 14:14:08,24.94,25.47,98.88,0.18
198,2024-05-11 09:49:32,25.79,79.49,103.26,0.226
199,2024-05-12 22:02:47,27.18,62.97,101.46,0.858
200,2024-05-13 18:45:25,22.65,63.03,99.57,0.373
201,2024-05-13 21:53:25,26.82,49.21,102.92,0.564
202,2024-05-14 03:53:48,10.6,60.03,100.18,0.628
203,2024-05-14 04:39:42,18.41,30.75,98.49,0.633
204,2024-05-17 06:06:39,15.66,71.78,103.34,0.196
205,2024-05-18 01:54:31,20.6,25.25,100.23,0.454
206,2024-05-18 14:31:31,17.14,71.08,100.48,0.176
207,2024-05-22 23:03:43,19.17,79.43,101.38,0.989
208,2024-05-24 06:54:18,29.41,53.07,103.59,0.181
209,2024-05-25 06:53:16,19.15,55.69,101.34,0.29
210,2024-05-25 12:32:36,22.07,41.85,98.9,0.292
211,2024-05-27 03:19:11,18.84,87.86,102.39,0.201
212,2024-05-29 13:38:01,20.38,71.32,100.33,0.771
213,2024-05-31 05:02:49,20.03,45.83,105.08,0.984
214,2024-06-01 20:31:00,22.24,32.24,101.3,0.405
215,2024-06-03 04:39:10,25.83,35.37,96.83,0.236
216,2024-06-03 05:46:46,28.24,52.47,102.01,0.053
217,2024-06-03 09:08:44,21.55,85.98,105.19,0.451
218,2024-06-03 21:53:26,22.95,71.39,104.45,0.437
219,2024-06-04 11:55:24,14.25,35.07,104.96,0.37
220,2024-06-04 20:51:55,19.56,80.17,99.26,0.544
221,2024-06-05 02:25:09,24.7,46.47,103.12,0.579
222,2024-06-05 06:35:42,24.33,79.62,99.86,0.565
223,2024-06-05 21:46:17,21.06,36.92,101.75,0.437
224,2024-06-05 23:05:04,24.43,63.31,98.75,0.28
225,2024-06-06 13:37:11,22.45,84.87,100.01,0.633
226,2024-06-07 01:07:10,26.0,38.05,99.95,0.503
227,2024-06-07 03:51:09,21.45,68.5,103.1,0.678
228,2024-06-07 17:40:19,18.22,89.11,102.9,0.658
229,2024-06-08 00:56:20,21.68,30.54,101.85,0.216
230,2024-06-08 16:03:22,5.35,26.19,98.6,0.213
231,2024-06-09 00:42:44,21.91,67.19,100.68,0.349
232,2024-06-09 09:17:48,1.76,43.78,99.81,0.289
233,2024-06-10 13:14:11,11.38,24.99,103.04,0.651
234,2024-06-10 19:52:25,22.26,53.27,103.66,0.57
235,2024-06-11 08:34:30,22.39,72.76,103.41,0.72
236,2024-06-12 01:01:27,14.19,39.96,99.79,0.579
237,2024-06-12 01:06:31,16.44,43.45,95.82,0.542
238,2024-06-12 03:24:43,26.85,79.2,97.77,0.74
239,2024-06-12 06:52:41,17.58,56.41,104.14,0.594
240,2024-06-13 07:37:23,31.21,78.99,100.5,0.514
241,2024-06-13 14:46:58,19.99,51.25,99.8,0.796
242,2024-06-14 08:15:18,22.04,86.71,104.59,0.523
243,2024-06-14 14:47:49,28.08,65.56,103.83,0.439
244,2024-06-15 03:34:32,20.66,28.11,101.35,0.332
245,2024-06-16 23:50:09,14.99,81.96,100.71,0.641
246,2024-06-17 17:18:50,19.45,54.25,101.04,0.747
247,2024-06-17 19:59:38,19.82,29.91,101.75,0.49
248,2024-06-18 12:06:09,13.18,30.69,104.5,0.762
249,2024-06-19 17:13:22,18.72,68.13,102.14,0.106
250,2024-06-20 19:51:56,16.29,23.32,102.75,0.489
251,2024-06-23 08:29:43,24.62,40.06,103.64,0.492
252,2024-06-23 22:18:36,20.17,29.79,98.96,0.355
253,2024-06-25 10:08:33,18.59,50.88,102.81,0.977
254,2024-06-25 15:57:51,19.47,49.0,100.71,0.487
255,2024-06-26 00:38:08,21.12,56.53,96.27,0.418
256,2024-06-27 03:25:36,23.08,39.57,97.04,0.505
257,2024-06-27 04:34:49,15.0,22.24,99.26,0.099
258,2024-06-28 08:45:07,14.79,63.01,102.36,0.348
259,2024-06-28 12:18:47,25.52,46.16,101.53,0.697
260,2024-06-28 15:37:47,17.94,65.59,101.67,0.374
261,2024-06-30 17:06:16,12.92,27.61,105.2,0.334
262,2024-07-01 05:00:58,22.22,20.96,98.76,0.762
263,2024-07-01 05:13:30,22.32,37.38,101.25,0.768
264,2024-07-03 07:53:16,12.35,51.96,101.91,0.603
265,2024-07-03 08:44:17,21.15,47.59,99.83,0.409
266,2024-07-05 01:05:21,23.68,76.72,101.36,0.452
267,2024-07-06 03:36:36,21.87,46.45,98.1,0.339
268,2024-07-07 05:33:04,23.16,57.13,104.12,0.301
269,2024-07-07 15:36:52,12.98,61.55,99.94,0.291
270,2024-07-07 18:27:57,21.66,21.53,105.36,0.376
271,2024-07-07 18:38:16,18.49,56.06,101.24,0.293
272,2024-07-09 19:28:02,17.59,44.14,103.36,0.187
273,2024-07-10 01:07:55,24.35,49.49,101.19,0.544
274,2024-07-10 02:17:16,27.4,27.02,101.24,0.547
275,2024-07-10 13:06:38,28.97,74.8,100.13,0.84
276,2024-07-11 04:11:08,26.57,85.97,101.54,0.366
277,2024-07-11 06:22:03,19.45,21.56,101.94,0.559
278,2024-07-12 15:14:53,21.76,62.1,99.73,0.563
279,2024-07-13 16:34:00,23.83,73.47,101.05,0.449
280,2024-07-14 19:45:10,20.61,39.94,100.08,0.649
281,2024-07-15 11:42:47,20.65,75.13,105.9,0.655
282,2024-07-15 19:53:54,24.12,64.26,101.12,0.565
283,2024-07-16 10:13:53,19.7,85.04,104.39,0.449
284,2024-07-17 00:27:28,16.35,88.67,100.91,0.428
285,2024-07-17 04:47:29,17.93,22.96,101.82,0.226
286,2024-07-17 11:47:13,23.17,51.15,98.66,0.339
287,2024-07-17 16:45:25,20.01,58.29,100.41,0.376
288,2024-07-18 18:57:50,21.7,30.27,101.72,0.275
289,2024-07-19 02:26:39,23.35,43.54,104.47,0.588
290,2024-07-19 04:16:07,18.13,89.14,101.74,0.739
291,2024-07-19 06:33:46,23.78,21.14,104.07,0.318
292,2024-07-21 00:27:35,21.89,51.68,102.58,0.557
293,2024-07-21 04:51:04,13.83,78.99,104.55,0.293
294,2024-07-22 02:33:13,27.21,42.67,101.18,0.439
295,2024-07-22 21:29:53,17.5,53.59,106.08,0.362
296,2024-07-24 18:02:43,11.72,88.46,100.33,0.62
297,2024-07-25 04:01:10,14.77,53.24,99.77,0.364
298,2024-07-26 05:36:47,14.89,29.16,98.88,0.702
299,2024-07-26 12:43:39,20.26,23.62,105.96,0.451
300,2024-07-27 02:40:16,18.63,86.18,102.94,0.37
301,2024-07-27 11:22:08,18.32,38.61,100.63,0.249
302,2024-07-27 11:32:22,23.1,55.28,103.8,0.551
303,2024-07-28 02:28:52,21.7,26.35,102.68,0.679
304,2024-07-28 15:35:58,21.58,49.66,105.23,0.555
305,2024-07-28 19:38:28,22.05,85.11,98.2,0.948
306,2024-07-29 04:45:18,23.08,55.17,100.77,0.786
307,2024-07-29 19:52:27,9.46,87.98,100.37,0.438
308,2024-07-30 07:32:05,18.18,38.12,97.35,0.436
309,2024-07-30 11:07:09,9.1,55.32,103.42,0.594
310,2024-07-30 19:04:54,20.18,80.17,100.76,0.332
311,2024-07-31 14:55:11,19.98,51.38,102.78,0.733
312,2024-08-01 19:29:53,25.23,39.56,106.02,0.572
313,2024-08-02 04:54:12,25.94,79.88,100.59,0.551
314,2024-08-03 15:32:36,21.01,47.29,100.46,0.637
315,2024-08-03 16:51:13,17.5,57.15,101.54,0.845
316,2024-08-05 03:06:34,22.43,88.36,103.27,0.534
317,2024-08-05 16:53:00,17.36,33.05,100.17,0.477
318,2024-08-05 20:34:02,19.99,41.1,100.04,0.802
319,2024-08-07 12:34:30,24.93,22.17,103.41,0.694
320,2024-08-08 20:11:39,17.21,47.43,102.06,0.436
321,2024-08-09 04:41:40,24.03,34.01,97.21,0.501
322,2024-08-09 04:50:38,23.39,67.6,98.85,0.539
323,2024-08-09 12:40:38,15.23,32.69,104.3,0.572
324,2024-08-09 14:29:37,24.87,67.24,102.1,0.229
325,2024-08-12 06:01:32,23.49,38.44,99.78,0.192
326,2024-08-12 09:31:10,20.51,44.87,100.96,0.323
327,2024-08-12 15:52:15,16.19,44.42,101.33,0.307
328,2024-08-13 19:28:50,15.7,70.17,102.77,0.371
329,2024-08-14 16:44:29,17.31,52.66,98.58,0.627
330,2024-08-15 05:04:25,22.71,45.29,99.62,0.466
331,2024-08-15 14:28:11,15.22,79.68,101.85,0.539
332,2024-08-16 02:47:10,22.19,60.04,101.1,0.255
333,2024-08-17 17:23:40,13.79,34.97,102.44,0.408
334,2024-08-17 20:48:36,18.98,83.01,98.84,0.617
335,2024-08-18 01:42:41,20.55,43.99,102.01,0.619
336,2024-08-18 17:52:33,32.23,22.73,103.48,0.355
337,2024-08-20 15:01:02,13.11,54.62,102.27,0.532
338,2024-08-20 15:01:22,27.36,28.68,101.58,0.94
339,2024-08-25 06:17:08,20.75,36.69,101.11,0.496
340,2024-08-27 02:46:46,22.06,72.3,99.63,0.361
341,2024-08-27 04:46:44,20.59,29.15,101.16,0.465
342,2024-08-29 11:01:24,22.22,76.49,103.82,0.518
343,2024-08-29 22:35:49,19.23,85.58,101.06,0.47
344,2024-08-30 05:54:07,27.27,62.46,99.52,0.494
345,2024-08-30 22:02:12,17.72,69.73,100.32,0.211
346,2024-08-31 01:28:21,25.66,69.95,101.7,0.307
347,2024-08-31 15:50:52,16.78,89.5,100.55,0.47
348,2024-09-01 15:10:46,19.7,43.91,102.27,0.467
349,2024-09-02 05:20:11,14.64,31.4,102.35,0.387
350,2024-09-03 01:50:33,22.28,56.34,103.08,0.465
351,2024-09-03 19:25:34,27.23,57.33,104.15,0.512
352,2024-09-04 02:26:23,19.61,32.45,103.29,0.678
353,2024-09-04 16:56:53,19.02,62.92,99.43,0.48
354,2024-09-05 02:00:59,14.43,20.99,99.49,0.58
355,2024-09-06 12:37:55,18.85,84.94,101.15,0.392
356,2024-09-06 12:54:29,12.04,38.52,100.4,0.614
357,2024-09-08 14:01:57,15.44,22.77,99.02,0.575
358,2024-09-10 03:29:34,21.13,27.58,100.42,0.673
359,2024-09-11 03:23:06,26.6,36.82,100.35,0.643
360,2024-09-11 13:01:55,34.05,39.17,99.96,0.618
361,2024-09-11 17:40:34,17.07,22.3,100.67,0.48
362,2024-09-11 22:14:01,27.18,39.55,103.66,0.549
363,2024-09-12 07:32:38,21.22,33.51,101.7,0.713
364,2024-09-13 03:09:34,19.24,46.5,106.24,0.37
365,2024-09-14 03:20:13,22.16,46.96,101.64,0.374
366,2024-09-16 04:25:19,20.31,43.73,100.72,0.536
367,2024-09-16 13:36:23,20.55,42.95,101.31,0.583
368,2024-09-17 03:22:37,17.96,26.28,101.81,0.335
369,2024-09-17 06:37:01,13.01,21.76,102.17,0.485
370,2024-09-17 20:21:47,12.28,34.15,105.45,0.481
371,2024-09-17 23:26:52,23.27,72.97,99.61,0.057
372,2024-09-18 07:19:46,18.62,89.36,103.02,0.456
373,2024-09-20 04:06:37,17.02,85.0,101.72,0.469
374,2024-09-21 05:46:03,20.04,55.3,98.16,0.468
375,2024-09-22 17:16:27,23.97,57.23,102.84,0.783
376,2024-09-23 02:22:11,20.9,42.02,103.84,0.257
377,2024-09-24 20:59:43,16.72,74.18,99.59,0.335
378,2024-09-24 21:55:22,26.13,73.53,101.28,0.022
379,2024-09-26 15:40:57,27.9,79.1,97.85,0.404
380,2024-09-26 17:06:40,22.47,82.69,98.78,0.421
381,2024-09-27 11:10:20,24.87,50.4,103.4,0.398
382,2024-09-28 00:33:25,26.21,73.68,100.37,0.722
383,2024-09-28 22:03:41,25.65,76.45,99.08,0.672
384,2024-09-29 20:46:43,23.07,41.59,101.76,0.516
385,2024-09-29 20:59:50,22.99,85.05,100.26,0.426
386,2024-09-30 00:44:06,22.6,26.6,100.36,0.705
387,2024-09-30 12:50:20,14.51,89.6,102.78,0.496
388,2024-10-01 23:57:43,23.5,73.91,98.98,0.336
389,2024-10-02 03:30:21,13.22,26.53,99.49,0.157
390,2024-10-02 06:49:19,16.03,65.94,101.61,0.412
391,2024-10-02 11:46:42,26.52,22.39,103.24,0.651
392,2024-10-02 23:34:04,24.2,73.91,103.78,0.955
393,2024-10-03 05:05:33,27.44,75.95,99.97,0.512
394,2024-10-03 08:49:15,18.64,62.17,103.17,0.347
395,2024-10-03 09:32:37,14.24,79.98,99.73,0.263
396,2024-10-03 23:17:50,18.8,26.85,104.95,0.61
397,2024-10-04 09:04:37,20.51,39.31,99.03,0.147
398,2024-10-04 09:34:53,20.39,48.99,103.96,0.61
399,2024-10-04 12:53:43,25.67,22.97,99.99,0.664
400,2024-10-05 15:18:26,18.19,51.38,105.33,0.587
401,2024-10-05 17:06:53,21.76,38.56,102.48,0.456
402,2024-10-07 23:33:51,15.06,47.49,99.27,0.613
403,2024-10-08 10:10:35,22.25,49.76,100.26,0.534
404,2024-10-08 16:49:27,20.02,81.56,102.86,0.344
405,2024-10-09 08:38:09,16.25,38.92,103.41,0.87
406,2024-10-10 04:45:07,18.82,82.56,101.16,0.43
407,2024-10-10 16:47:45,19.08,49.82,101.39,0.655
408,2024-10-11 14:22:47,18.65,42.95,102.82,0.016
409,2024-10-12 15:55:13,28.86,55.18,101.56,0.755
410,2024-10-12 22:52:15,19.51,49.24,98.71,0.794
411,2024-10-12 23:16:32,18.78,38.02,99.67,0.506
412,2024-10-13 00:43:35,9.51,55.19,101.77,0.612
413,2024-10-14 01:27:30,15.53,30.63,103.73,0.612
414,2024-10-14 11:44:24,18.68,44.64,104.53,0.371
415,2024-10-14 14:17:31,16.57,59.61,102.86,0.609
416,2024-10-14 16:09:55,26.91,48.94,101.87,0.338
417,2024-10-16 12:20:29,19.18,77.67,102.8,0.378
418,2024-10-17 07:55:44,26.44,37.97,99.97,0.725
419,2024-10-17 15:36:08,20.31,87.88,100.99,0.695
420,2024-10-18 18:41:29,20.19,74.93,99.65,0.359
421,2024-10-20 06:06:09,19.56,87.73,98.8,0.353
422,2024-10-20 11:52:46,20.02,78.67,101.97,0.371
423,2024-10-21 04:57:15,28.59,29.95,101.67,0.647
424,2024-10-21 16:27:53,8.4,56.85,102.68,0.3
425,2024-10-22 03:48:16,9.99,31.9,102.39,0.571
426,2024-10-23 01:20:43,17.28,77.28,101.79,0.649
427,2024-10-23 01:30:24,20.07,60.89,102.41,0.482
428,2024-10-24 03:52:30,23.45,38.44,101.21,0.702
429,2024-10-24 04:29:03,22.37,85.07,102.13,0.439
430,2024-10-24 12:59:58,18.08,28.06,99.85,0.457
431,2024-10-24 16:02:24,25.1,59.47,102.04,0.305
432,2024-10-24 20:54:26,25.15,70.47,102.64,0.703
433,2024-10-25 01:41:46,20.92,24.12,99.96,0.347
434,2024-10-25 03:47:06,24.81,61.85,101.4,0.57
435,2024-10-25 05:59:09,21.36,77.11,100.05,0.486
436,2024-10-27 12:35:24,17.19,24.73,100.25,0.289
437,2024-10-27 12:47:15,23.49,55.86,99.05,0.378
438,2024-10-27 22:24:26,20.55,38.1,103.83,0.777
439,2024-10-28 05:06:27,20.01,66.4,103.43,0.54
440,2024-10-28 17:50:06,27.36,28.31,102.37,0.298
441,2024-10-29 02:25:44,7.75,85.59,105.24,0.561
442,2024-10-29 10:57:53,12.91,82.63,100.92,0.471
443,2024-10-31 00:25:01,14.06,33.02,107.36,1.191
444,2024-10-31 00:37:01,18.18,42.63,100.84,0.557
445,2024-10-31 06:29:46,18.73,61.13,101.81,0.424
446,2024-11-01 07:25:45,12.46,70.26,100.5,0.784
447,2024-11-01 11:15:28,15.07,50.99,102.04,0.132
448,2024-11-02 01:54:34,15.7,30.94,102.97,0.519
449,2024-11-02 20:03:49,32.29,27.29,101.07,0.899
450,2024-11-02 23:22:48,29.01,89.98,104.85,0.477
451,2024-11-04 06:39:27,17.94,51.87,101.78,0.153
452,2024-11-04 22:45:21,18.18,81.08,101.84,0.421
453,2024-11-05 10:33:13,14.25,53.77,99.48,0.791
454,2024-11-07 03:55:49,10.46,84.57,102.14,0.575
455,2024-11-07 19:01:44,19.42,26.14,101.03,0.332
456,2024-11-10 08:23:57,15.01,27.98,100.08,0.363
457,2024-11-10 08:58:22,19.58,85.07,99.75,0.388
458,2024-11-11 04:53:57,12.0,86.32,106.64,0.572
459,2024-11-11 12:58:37,16.19,42.03,100.77,0.768
460,2024-11-11 18:12:23,20.74,44.86,98.39,0.71
461,2024-11-12 10:24:24,21.83,51.67,99.9,0.591
462,2024-11-12 14:04:24,22.09,49.13,101.2,0.234
463,2024-11-12 19:58:59,13.4,33.3,102.39,0.234
464,2024-11-13 00:40:29,24.27,82.89,102.41,0.607
465,2024-11-13 19:43:43,16.0,37.73,102.65,0.231
466,2024-11-14 01:16:30,23.16,69.37,100.01,0.455
467,2024-11-14 20:14:48,19.95,24.7,101.98,0.561
468,2024-11-19 06:03:23,13.12,22.71,99.55,0.272
469,2024-11-19 16:08:01,18.42,65.76,100.06,0.295
470,2024-11-20 08:59:36,21.83,43.73,99.46,0.481
471,2024-11-20 12:57:21,23.06,65.88,98.92,0.601
472,2024-11-20 16:06:08,19.3,26.58,103.43,0.712
473,2024-11-21 00:01:24,27.66,86.49,102.68,0.621
474,2024-11-21 05:01:43,25.04,72.4,103.25,0.515
475,2024-11-22 07:08:31,18.72,81.34,101.38,0.351
476,2024-11-22 21:56:43,23.75,29.55,102.85,0.286
477,2024-11-23 01:13:48,29.67,42.41,97.78,0.398
478,2024-11-23 14:46:55,29.8,45.78,103.03,0.582
479,2024-11-24 17:11:38,13.86,57.6,101.65,0.567
480,2024-11-25 10:56:13,15.37,40.78,102.55,0.08
481,2024-11-26 17:10:32,27.42,24.24,102.06,0.343
482,2024-11-28 15:45:35,14.71,45.82,99.33,0.741
483,2024-11-29 10:10:47,13.39,37.82,98.3,0.516
484,2024-11-29 13:30:22,17.57,47.01,99.88,0.217
485,2024-11-29 16:35:15,22.1,33.79,102.43,0.971
486,2024-11-29 21:48:26,19.49,38.33,102.68,0.494
487,2024-11-30 12:01:17,16.75,63.89,98.56,0.577
488,2024-11-30 12:05:50,16.63,47.17,99.34,0.58
489,2024-11-30 16:14:31,16.44,44.18,99.85,0.426
490,2024-11-30 20:25:03,15.6,57.37,100.59,0.354
491,2024-12-02 05:14:15,31.41,74.03,98.58,0.924
492,2024-12-02 21:57:32,21.49,46.52,98.46,0.701
493,2024-12-02 22:09:16,24.43,61.13,99.66,0.664
494,2024-12-03 00:13:55,17.55,87.63,101.47,0.615
495,2024-12-03 00:54:32,19.07,56.54,98.94,0.299
496,2024-12-03 16:11:39,16.43,83.69,101.07,0.756
497,2024-12-05 22:35:33,6.74,75.56,103.42,0.331
498,2024-12-05 22:42:25,13.11,24.11,98.7,0.557
499,2024-12-06 22:18:52,10.95,50.04,100.89,0.172
500,2024-12-07 04:46:56,8.75,68.88,103.35,0.092
501,2024-12-07 11:56:08,14.02,89.07,100.46,0.564
502,2024-12-07 19:30:09,26.62,52.09,100.15,0.338
503,2024-12-08 02:31:16,19.78,26.49,103.63,0.102
504,2024-12-08 03:59:21,26.45,59.34,100.69,0.608
505,2024-12-08 18:25:09,22.05,28.86,103.51,0.924
506,2024-12-09 05:44:27,23.91,72.61,102.16,0.778
507,2024-12-10 06:58:05,15.5,55.54,100.61,0.449
508,2024-12-10 22:37:03,22.62,70.64,102.26,0.502
509,2024-12-11 02:57:00,23.64,80.86,101.94,0.678
510,2024-12-12 10:51:56,17.12,64.03,103.34,0.724
511,2024-12-12 12:07:01,22.8,62.87,100.2,0.431
512,2024-12-12 21:35:43,22.83,72.82,101.38,0.507
513,2024-12-13 05:57:25,17.25,78.97,101.18,0.56
514,2024-12-13 12:57:31,14.39,80.83,102.71,0.611
515,2024-12-14 03:12:18,14.08,22.55,99.25,0.473
516,2024-12-14 14:56:45,20.43,58.93,103.33,0.476
517,2024-12-14 23:42:20,21.64,35.14,102.23,0.776
518,2024-12-17 02:04:23,16.04,80.22,98.67,0.742
519,2024-12-17 04:00:31,20.13,65.39,103.72,0.595
520,2024-12-17 19:04:27,22.85,49.42,105.77,0.844
521,2024-12-17 21:36:21,23.09,33.17,103.3,0.423
522,2024-12-18 01:32:05,27.76,43.73,104.15,0.825
523,2024-12-18 06:48:36,26.38,69.26,101.47,0.609
524,2024-12-18 07:48:45,14.99,34.31,97.98,1.154
525,2024-12-18 20:18:57,28.42,26.55,97.61,0.262
526,2024-12-19 04:40:37,17.35,82.16,101.81,0.362
527,2024-12-19 18:20:10,25.22,73.49,100.12,0.584
528,2024-12-20 03:41:18,20.34,33.99,99.47,0.579
529,2024-12-20 23:50:18,17.94,40.46,101.17,0.89
530,2024-12-21 09:54:53,10.96,88.04,102.53,0.366
531,2024-12-21 17:00:15,19.14,69.57,98.39,0.681
532,2024-12-22 09:27:01,12.2,62.74,100.4,0.732
533,2024-12-23 16:57:38,24.84,41.53,104.32,0.641
534,2024-12-23 21:54:48,27.58,40.94,99.15,0.308
535,2024-12-24 05:00:03,16.02,22.77,103.04,0.782
536,2024-12-24 07:02:18,21.51,70.99,100.33,0.746
537,2024-12-24 14:06:39,16.37,23.02,102.39,0.62
538,2024-12-24 20:31:42,16.86,20.34,103.49,0.541
539,2024-12-26 00:25:09,23.87,71.06,102.78,0.545
540,2024-12-27 00:14:37,19.81,86.42,103.12,0.484
541,2024-12-27 06:28:33,28.7,72.96,99.0,0.628
542,2024-12-28 16:25:47,17.59,53.01,103.53,0.506
543,2024-12-29 12:02:13,25.0,54.02,99.59,0.33
544,2024-12-30 01:59:08,20.49,50.53,101.82,0.29
545,2024-12-30 10:16:22,23.98,42.73,101.82,0.35
546,2025-01-01 15:13:32,17.76,56.52,102.27,0.544
547,2025-01-01 15:56:24,19.75,50.18,101.97,0.495
548,2025-01-01 16:59:16,19.42,61.87,99.61,0.543
549,2025-01-02 20:07:44,15.82,82.87,98.6,0.6
550,2025-01-02 23:22:10,23.31,89.65,103.04,0.375
551,2025-01-03 06:30:24,23.25,25.51,101.67,0.793
552,2025-01-03 14:35:08,22.97,46.93,103.6,0.446
553,2025-01-03 17:49:38,27.68,32.65,101.21,0.413
554,2025-01-05 03:56:36,27.25,44.65,98.49,0.596
555,2025-01-06 14:11:27,18.13,40.12,103.23,0.133
556,2025-01-07 06:25:09,21.87,32.22,100.56,0.342
557,2025-01-07 17:15:39,16.88,73.49,101.98,0.696
558,2025-01-09 13:29:39,20.12,54.74,100.01,0.153
559,2025-01-09 18:58:33,17.0,84.35,104.59,0.724
560,2025-01-10 02:33:45,28.1,22.28,99.55,0.802
561,2025-01-10 14:31:47,21.82,24.69,100.63,0.426
562,2025-01-13 17:27:14,18.91,48.23,101.51,0.558
563,2025-01-14 07:55:10,25.97,25.62,99.12,0.724
564,2025-01-14 12:14:17,9.15,38.39,101.96,0.407
565,2025-01-14 12:30:52,9.93,89.02,104.52,0.674
566,2025-01-14 12:57:02,23.98,34.63,100.32,0.366
567,2025-01-16 03:21:44,20.3,33.87,102.09,0.404
568,2025-01-17 19:50:16,21.25,60.15,95.8,0.34
569,2025-01-18 05:24:36,13.37,54.86,101.22,0.569
570,2025-01-19 02:50:56,19.88,60.63,100.67,0.732
571,2025-01-20 01:32:55,30.02,46.37,99.66,0.463
572,2025-01-21 11:22:44,24.12,77.87,103.46,0.246
573,2025-01-22 20:47:14,20.85,29.7,100.65,0.283
574,2025-01-23 19:30:56,17.8,49.99,100.95,0.579
575,2025-01-24 06:18:58,18.03,68.28,100.55,0.869
576,2025-01-24 06:43:57,9.35,80.78,97.47,0.579
577,2025-01-25 00:21:41,21.29,45.87,99.04,0.423
578,2025-01-25 01:07:45,24.23,59.74,103.22,0.653
579,2025-01-25 12:30:24,12.12,24.84,97.08,0.452
580,2025-01-25 23:32:05,16.69,31.92,99.77,0.424
581,2025-01-26 05:17:16,14.21,24.84,100.5,0.308
582,2025-01-26 09:10:33,15.17,70.95,104.79,0.782
583,2025-01-26 15:55:52,20.27,40.16,102.84,0.008
584,2025-01-26 22:16:50,9.58,70.66,100.19,0.66
585,2025-01-27 11:19:09,23.07,24.65,103.91,0.407
586,2025-01-28 14:40:05,23.77,80.38,99.82,0.418
587,2025-01-29 02:37:43,18.74,78.49,103.32,0.838
588,2025-01-29 15:01:36,7.6,26.23,98.58,0.357
589,2025-01-31 02:32:44,15.02,21.66,103.45,0.364
590,2025-01-31 18:58:09,26.16,23.94,100.49,0.474
591,2025-01-31 20:16:52,6.11,79.75,99.24,0.583
592,2025-02-01 12:43:51,18.26,36.43,100.87,0.412
593,2025-02-02 08:34:21,14.1,58.38,101.85,0.185
594,2025-02-02 20:14:06,24.02,49.84,100.31,0.327
595,2025-02-03 20:38:28,16.62,75.69,102.41,0.756
596,2025-02-04 13:40:22,22.02,54.22,100.13,0.515
597,2025-02-05 17:28:53,22.83,55.05,102.54,0.59
598,2025-02-05 18:55:26,29.18,89.24,102.18,0.448
599,2025-02-07 01:51:46,18.99,30.51,101.18,0.368
600,2025-02-08 20:04:16,21.88,78.15,100.42,0.836
601,2025-02-09 02:02:02,12.57,23.62,101.6,0.462
602,2025-02-09 10:52:55,25.95,53.44,102.4,0.411
603,2025-02-10 04:53:50,16.2,82.04,105.42,0.719
604,2025-02-10 23:16:06,17.2,66.56,103.18,0.356
605,2025-02-11 08:00:38,19.89,67.97,103.25,0.381
606,2025-02-11 13:04:31,12.19,38.43,107.48,0.502
607,2025-02-12 12:25:43,21.14,49.3,102.33,0.5
608,2025-02-12 14:18:45,24.84,45.66,102.27,0.552
609,2025-02-12 14:42:30,21.46,56.5,102.71,0.918
610,2025-02-12 20:02:17,12.06,52.36,99.28,0.567
611,2025-02-14 23:41:50,19.38,42.88,100.41,0.024
612,2025-02-15 07:07:55,23.71,41.38,100.29,0.565
613,2025-02-16 07:13:31,10.61,37.56,102.6,0.508
614,2025-02-16 07:38:15,14.63,45.55,100.95,0.509
615,2025-02-17 06:11:11,24.38,30.5,101.58,0.549
616,2025-02-17 07:01:19,21.35,81.05,103.47,0.494
617,2025-02-19 01:06:38,22.06,62.15,103.03,0.489
618,2025-02-20 05:51:46,29.3,29.37,100.98,0.623
619,2025-02-21 00:19:30,22.34,68.57,99.96,0.392
620,2025-02-21 16:44:55,23.29,79.34,103.57,0.31
621,2025-02-22 05:48:10,33.55,36.63,102.85,1.105
622,2025-02-23 01:50:45,18.93,30.54,98.09,0.357
623,2025-02-23 14:59:07,16.01,20.6,100.67,0.52
624,2025-02-24 04:32:41,22.14,23.31,101.63,0.201
625,2025-02-24 16:07:24,22.19,73.36,102.86,0.523
626,2025-02-24 16:48:17,17.37,89.1,103.12,0.313
627,2025-02-24 18:13:07,14.84,23.14,101.87,0.412
628,2025-02-24 22:39:08,31.55,72.36,102.47,0.709
629,2025-02-25 09:05:08,21.63,25.03,101.43,0.594
630,2025-02-25 19:31:09,16.34,61.45,99.95,0.614
631,2025-02-25 22:31:46,24.58,72.93,100.78,0.146
632,2025-02-26 08:04:45,19.45,45.14,101.34,0.867
633,2025-02-26 09:07:11,18.74,20.77,101.23,0.262
634,2025-02-26 17:18:41,22.81,61.66,97.53,0.806
635,2025-02-27 03:41:16,13.54,89.39,100.51,0.704
636,2025-02-28 00:43:51,21.76,38.03,101.41,0.615
637,2025-02-28 21:49:12,29.56,33.26,100.74,0.329
638,2025-03-01 23:11:38,22.33,28.67,100.81,0.53
639,2025-03-02 00:30:52,18.12,58.87,102.28,0.406
640,2025-03-05 14:09:23,17.46,61.75,99.14,0.506
641,2025-03-06 09:15:35,17.95,75.46,98.04,0.45
642,2025-03-06 10:35:53,18.73,72.72,100.6,0.092
643,2025-03-06 17:36:00,18.11,82.48,102.83,0.724
644,2025-03-06 20:12:33,24.58,76.4,104.68,0.484
645,2025-03-07 00:47:21,11.33,37.31,102.86,0.403
646,2025-03-07 12:51:21,24.31,58.91,98.36,0.388
647,2025-03-07 13:52:59,18.1,40.82,100.84,0.572
648,2025-03-08 05:19:14,21.88,43.08,101.81,0.321
649,2025-03-08 05:31:35,14.37,85.24,101.66,0.049
650,2025-03-08 13:30:53,26.64,67.73,102.38,0.581
651,2025-03-08 15:58:11,26.23,88.22,99.47,0.604
652,2025-03-08 21:17:49,24.8,49.18,101.43,0.46
653,2025-03-09 05:31:29,12.43,57.62,102.14,0.27
654,2025-03-09 16:04:39,24.15,54.1,102.95,0.518
655,2025-03-11 02:33:11,22.02,27.51,99.69,0.207
656,2025-03-11 14:36:25,11.97,36.57,100.61,0.295
657,2025-03-12 03:55:14,19.88,56.93,95.89,0.35
658,2025-03-17 08:22:32,21.82,24.72,100.06,0.669
659,2025-03-17 09:24:28,22.78,85.2,100.25,0.427
660,2025-03-19 04:27:00,20.89,28.67,99.26,0.41
661,2025-03-19 15:11:55,21.46,33.86,101.63,0.891
662,2025-03-20 08:16:27,27.37,73.57,101.19,0.57
663,2025-03-20 18:27:23,26.13,26.79,96.78,0.568
664,2025-03-21 00:38:03,5.66,83.02,101.73,0.426
665,2025-03-21 06:22:32,18.41,70.8,99.44,0.381
666,2025-03-21 06:42:11,19.18,24.8,102.27,0.063
667,2025-03-23 06:11:42,11.24,68.43,98.74,0.694
668,2025-03-23 11:58:11,20.47,64.21,101.36,0.59
669,2025-03-23 12:48:29,26.24,73.01,100.73,0.464
670,2025-03-23 17:27:48,14.57,77.97,101.91,0.473
671,2025-03-25 00:59:50,21.68,70.28,101.55,0.647
672,2025-03-26 08:38:38,15.42,61.03,100.79,0.189
673,2025-03-26 09:23:00,16.64,42.57,98.23,0.382
674,2025-03-27 07:31:47,27.39,68.81,98.35,0.273
675,2025-03-27 07:44:44,17.29,86.99,100.13,0.854
676,2025-03-29 19:41:42,22.31,61.13,101.28,0.675
677,2025-03-30 15:32:53,10.64,66.5,100.08,0.059
678,2025-03-30 21:09:55,29.31,50.6,102.55,0.197
679,2025-03-30 22:15:55,23.01,72.93,100.74,0.474
680,2025-03-31 22:07:35,19.09,89.84,99.37,0.406
681,2025-04-01 21:52:09,22.88,31.23,100.74,0.235
682,2025-04-02 01:28:06,12.95,34.17,101.75,0.889
683,2025-04-03 00:00:33,25.91,57.76,101.95,0.563
684,2025-04-03 01:12:23,18.38,53.7,105.06,0.595
685,2025-04-05 15:37:40,18.98,60.01,99.96,0.362
686,2025-04-07 20:29:53,17.54,23.44,101.15,0.644
687,2025-04-07 21:35:42,17.1,48.3,102.15,0.424
688,2025-04-08 22:50:06,23.47,60.81,101.25,0.443
689,2025-04-08 23:29:41,21.28,60.96,100.3,0.622
690,2025-04-09 16:25:07,23.26,66.01,98.2,0.174
691,2025-04-10 10:15:32,19.96,70.42,100.28,0.819
692,2025-04-11 02:40:07,22.57,64.91,99.15,0.536
693,2025-04-12 16:25:34,17.91,75.32,97.85,0.756
694,2025-04-13 04:29:40,31.15,63.73,99.71,0.285
695,2025-04-15 02:11:01,12.16,57.63,99.21,0.315
696,2025-04-15 04:24:28,26.3,62.43,102.47,0.268
697,2025-04-15 10:48:35,26.84,27.08,102.5,0.55
698,2025-04-15 11:47:45,15.74,39.12,99.49,0.513
699,2025-04-15 16:00:13,31.15,56.92,100.78,0.407
700,2025-04-16 17:28:20,24.98,81.11,97.58,0.297
701,2025-04-17 21:21:52,24.86,67.53,100.31,0.247
702,2025-04-18 00:55:12,20.14,26.33,102.1,0.49
703,2025-04-20 19:04:27,18.91,61.46,102.95,0.407
704,2025-04-20 21:00:03,18.95,35.52,99.87,0.363
705,2025-04-22 19:42:50,21.95,71.38,103.4,0.809
706,2025-04-23 04:08:07,27.01,77.92,98.27,0.484
707,2025-04-23 14:10:54,20.91,61.54,98.8,0.754
708,2025-04-24 01:46:46,15.44,61.4,102.72,0.393
709,2025-04-24 12:14:40,24.12,43.7,104.64,0.549
710,2025-04-24 15:00:13,24.61,51.24,102.29,0.489
711,2025-04-25 15:23:44,23.27,80.49,101.22,0.16
712,2025-04-26 03:35:14,23.73,70.63,96.91,0.786
713,2025-04-27 11:56:18,18.65,56.38,97.26,0.473
714,2025-04-28 04:50:17,15.36,45.78,101.56,0.649
715,2025-04-28 18:45:33,15.66,23.53,100.58,0.35
716,2025-04-29 08:15:59,11.82,30.01,99.09,0.467
717,2025-04-29 12:08:24,21.18,33.51,101.43,0.327
718,2025-04-30 14:09:49,19.58,46.14,101.53,0.747
719,2025-05-01 05:43:58,17.8,86.09,103.19,0.562
720,2025-05-01 11:29:09,5.22,55.36,101.57,0.573
721,2025-05-02 01:17:27,13.76,36.44,103.76,0.772
722,2025-05-02 02:32:04,25.6,27.4,101.32,0.731
723,2025-05-02 05:37:12,16.68,43.68,101.07,0.653
724,2025-05-02 23:26:40,21.8,77.1,103.43,0.216
725,2025-05-03 10:27:40,13.05,46.83,99.34,0.361
726,2025-05-03 14:15:46,27.19,74.08,106.93,0.299
727,2025-05-03 22:57:45,19.28,76.19,102.05,0.646
728,2025-05-04 10:39:12,21.45,27.76,102.06,0.534
729,2025-05-04 10:44:13,31.63,62.61,102.35,0.222
730,2025-05-04 23:39:06,27.58,87.14,105.05,0.462
731,2025-05-05 02:57:00,18.47,48.15,102.89,0.201
732,2025-05-05 05:50:01,17.03,23.57,98.09,0.489
733,2025-05-05 12:43:50,18.37,84.63,104.11,0.169
734,2025-05-07 03:45:48,22.55,81.86,100.62,0.606
735,2025-05-07 09:43:27,19.47,56.55,101.51,0.576
736,2025-05-08 01:14:03,18.02,58.66,98.74,0.882
737,2025-05-09 01:26:01,27.34,34.82,102.35,0.67
738,2025-05-09 14:34:45,19.43,77.36,100.0,0.415
739,2025-05-11 20:50:09,31.5,54.9,101.5,0.664
740,2025-05-12 05:44:17,20.45,22.37,100.73,0.22
741,2025-05-13 13:14:14,28.93,67.81,105.15,0.308
742,2025-05-14 06:58:03,21.79,86.53,105.26,0.567
743,2025-05-14 11:21:41,24.81,78.04,101.39,0.068
744,2025-05-15 18:48:50,16.38,39.4,101.43,0.493
745,2025-05-16 13:50:59,15.73,23.73,100.55,0.296
746,2025-05-18 15:30:32,22.3,85.82,103.51,0.52
747,2025-05-19 19:54:54,24.94,85.59,100.64,0.284
748,2025-05-20 13:24:42,20.2,57.27,100.46,0.585
749,2025-05-20 15:56:56,13.57,64.96,103.26,0.504
750,2025-05-20 19:18:46,13.2,52.38,100.22,0.78
751,2025-05-21 11:32:57,12.86,49.38,101.22,0.501
752,2025-05-22 07:01:19,11.16,28.36,98.14,0.346
753,2025-05-23 01:06:13,20.55,26.77,102.71,0.451
754,2025-05-24 14:24:08,25.63,36.29,105.18,0.231
755,2025-05-25 16:16:05,19.93,78.56,102.74,0.581
756,2025-05-25 16:51:27,8.7,30.21,104.22,0.618
757,2025-05-25 21:46:59,19.05,35.87,99.61,0.994
758,2025-05-26 21:43:59,19.19,58.4,101.77,0.376
759,2025-05-26 21:47:20,30.48,35.06,99.41,0.446
760,2025-05-27 23:26:37,12.71,31.42,100.84,0.385
761,2025-05-28 09:00:09,18.05,59.43,102.84,0.542
762,2025-05-29 00:22:27,28.53,45.77,101.5,0.576
763,2025-05-29 23:55:54,22.25,63.83,98.47,0.489
764,2025-05-30 09:05:02,22.82,83.85,98.67,0.717
765,2025-05-30 11:51:09,20.57,30.57,98.54,0.377
766,2025-05-30 19:21:21,21.65,83.94,102.28,0.697
767,2025-05-31 11:23:24,23.89,83.17,105.43,0.608
768,2025-05-31 19:02:48,15.95,78.04,104.02,0.498
769,2025-05-31 20:09:29,24.39,64.19,97.51,0.437
770,2025-05-31 21:09:49,13.13,63.41,104.14,0.985
771,2025-06-01 08:09:27,21.64,64.74,103.17,0.337
772,2025-06-01 23:57:03,20.89,68.33,98.21,0.56
773,2025-06-02 11:15:59,16.92,21.15,100.69,0.35
774,2025-06-02 21:06:53,19.89,87.07,103.49,0.857
775,2025-06-03 16:12:33,16.89,60.99,102.4,0.677
776,2025-06-03 20:17:46,14.64,74.7,98.68,0.364
777,2025-06-03 21:12:05,18.23,46.41,102.52,0.603
778,2025-06-04 20:09:19,14.48,20.87,97.02,0.552
779,2025-06-05 02:07:48,21.61,55.68,100.85,0.397
780,2025-06-06 01:37:18,14.25,55.5,103.58,0.652
781,2025-06-06 04:07:46,23.56,50.59,101.34,0.578
782,2025-06-07 20:57:07,14.09,43.78,100.3,0.543
783,2025-06-09 01:53:50,17.17,37.49,103.08,0.492
784,2025-06-09 12:40:00,16.88,56.93,103.25,0.586
785,2025-06-09 14:16:09,26.63,46.27,103.92,0.546
786,2025-06-10 05:04:14,21.65,87.9,103.05,0.512
787,2025-06-10 17:10:23,18.94,32.1,103.46,0.372
788,2025-06-11 03:52:03,22.49,42.38,102.77,0.839
789,2025-06-13 21:34:55,9.46,40.58,101.83,0.29
790,2025-06-14 07:32:17,19.78,58.03,101.48,0.586
791,2025-06-14 20:41:00,29.99,54.95,100.83,0.436
792,2025-06-14 23:28:08,20.66,65.06,98.88,0.852
793,2025-06-14 23:40:09,20.34,86.5,99.39,0.319
794,2025-06-15 00:56:13,22.74,39.97,100.74,0.353
795,2025-06-15 09:10:43,24.48,68.49,101.78,0.306
796,2025-06-15 11:32:42,10.01,21.75,104.18,0.565
797,2025-06-15 17:50:09,11.59,38.37,101.22,0.225
798,2025-06-15 18:22:31,21.05,52.46,103.31,0.404
799,2025-06-16 05:33:34,16.43,22.17,103.46,0.07
800,2025-06-16 10:56:54,26.56,63.24,100.84,0.548
801,2025-06-17 07:28:58,18.42,67.48,102.49,0.4
802,2025-06-19 07:51:06,10.33,72.27,100.81,0.202
803,2025-06-19 21:40:34,13.66,56.16,103.94,0.717
804,2025-06-19 22:27:41,6.25,62.28,102.57,0.238
805,2025-06-20 12:17:41,18.83,47.72,98.92,0.659
806,2025-06-23 05:40:58,19.06,22.89,101.62,0.36
807,2025-06-24 02:31:37,17.88,27.0,104.6,0.82
808,2025-06-25 09:14:32,25.39,65.85,100.94,0.65
809,2025-06-25 17:55:21,25.99,89.69,102.2,0.298
810,2025-06-27 12:39:11,19.15,21.11,102.39,0.317
811,2025-06-27 15:32:07,9.33,59.03,99.23,0.621
812,2025-06-28 15:13:55,23.09,72.57,102.32,0.448
813,2025-06-28 21:51:18,22.78,77.87,98.51,0.466
814,2025-06-29 08:56:32,21.55,58.16,100.05,0.754
815,2025-06-30 18:03:24,24.91,63.39,103.45,0.35
816,2025-07-01 05:45:26,14.18,68.77,102.01,0.518
817,2025-07-01 16:11:07,30.04,80.13,100.69,0.691
818,2025-07-02 09:59:01,15.2,28.56,102.19,0.662
819,2025-07-03 02:36:10,23.75,84.83,101.18,0.468
820,2025-07-04 22:46:41,11.56,21.82,101.33,0.442
821,2025-07-06 13:59:33,15.35,78.53,102.61,0.152
822,2025-07-06 17:48:39,27.58,25.37,99.85,0.289
823,2025-07-07 21:47:05,18.7,33.62,101.38,0.564
824,2025-07-08 11:16:26,24.2,20.27,100.68,0.472
825,2025-07-08 20:41:54,21.18,51.17,98.13,0.515
826,2025-07-09 00:25:45,19.48,43.41,99.46,0.708
827,2025-07-09 04:25:42,26.82,31.62,104.44,0.263
828,2025-07-09 13:56:29,18.82,51.58,102.07,0.453
829,2025-07-10 07:16:40,11.1,48.17,98.65,0.538
830,2025-07-10 23:54:32,15.98,73.74,98.22,0.359
831,2025-07-11 07:18:02,22.76,82.52,101.08,0.786
832,2025-07-11 11:42:24,21.98,65.68,104.42,0.682
833,2025-07-12 05:47:46,12.16,28.71,100.93,0.558
834,2025-07-12 20:58:36,16.38,40.68,103.91,0.859
835,2025-07-13 06:57:53,17.09,83.93,102.0,0.2
836,2025-07-13 07:10:42,18.17,26.21,102.24,0.498
837,2025-07-13 21:20:53,13.12,48.48,98.63,0.573
838,2025-07-14 06:20:40,16.86,85.98,103.18,0.317
839,2025-07-14 23:35:15,16.36,86.55,100.63,0.56
840,2025-07-15 02:54:44,23.86,48.78,103.03,0.279
841,2025-07-16 04:59:57,24.05,66.72,99.67,0.638
842,2025-07-16 14:17:41,19.27,51.97,101.65,0.712
843,2025-07-17 03:47:37,18.04,72.74,102.0,0.554
844,2025-07-17 16:47:48,20.7,22.21,100.99,0.129
845,2025-07-17 17:33:53,15.92,30.09,102.11,0.307
846,2025-07-17 21:41:31,14.27,62.99,100.77,0.613
847,2025-07-18 07:11:53,15.3,36.28,100.0,0.504
848,2025-07-18 07:12:24,16.83,66.62,104.51,0.039
849,2025-07-18 20:47:58,14.18,44.59,103.4,0.749
850,2025-07-18 21:16:16,20.81,82.07,99.78,0.527
851,2025-07-19 09:27:12,23.65,77.35,102.44,0.336
852,2025-07-19 18:25:14,12.06,54.5,99.81,0.699
853,2025-07-20 06:46:46,20.13,74.1,98.93,0.364
854,2025-07-20 07:52:53,18.9,38.98,103.37,0.362
855,2025-07-20 10:21:50,21.71,54.6,97.89,0.572
856,2025-07-20 14:36:57,19.94,33.82,103.15,0.856
857,2025-07-21 07:28:46,12.73,80.26,100.79,0.825
858,2025-07-21 21:23:32,13.69,77.61,100.88,0.572
859,2025-07-22 13:41:17,20.15,83.15,102.12,0.592
860,2025-07-22 22:29:24,25.14,81.42,102.46,0.658
861,2025-07-24 01:35:27,8.93,87.17,99.65,0.249
862,2025-07-24 15:45:43,21.73,35.98,102.74,0.629
863,2025-07-24 19:42:28,25.95,85.23,101.53,0.353
864,2025-07-26 00:18:35,19.23,59.98,98.79,0.564
865,2025-07-26 11:06:56,22.75,49.57,100.96,0.455
866,2025-07-27 19:08:41,16.48,59.23,104.06,0.6
867,2025-07-28 09:13:38,19.4,43.98,104.65,0.524
868,2025-07-29 03:30:40,11.9,40.2,102.73,0.115
869,2025-07-29 07:27:44,8.28,36.89,98.92,0.536
870,2025-07-29 19:53:55,24.71,25.77,102.28,0.628
871,2025-08-01 14:16:03,15.08,54.76,103.0,0.589
872,2025-08-02 16:05:25,17.72,82.14,102.75,0.479
873,2025-08-03 03:04:43,13.07,64.11,102.87,0.828
874,2025-08-03 03:04:55,12.95,56.47,102.03,0.562
875,2025-08-05 01:42:02,19.13,50.0,101.16,0.588
876,2025-08-05 18:59:28,16.35,52.51,100.08,0.709
877,2025-08-05 21:49:51,21.89,34.65,97.5,0.573
878,2025-08-06 22:00:22,22.26,77.61,101.98,0.32
879,2025-08-07 05:25:42,21.6,33.89,101.67,0.012
880,2025-08-07 12:32:08,21.19,70.16,102.42,0.405
881,2025-08-09 04:31:36,27.89,73.2,98.62,0.652
882,2025-08-10 16:26:34,14.66,60.24,102.59,0.429
883,2025-08-10 18:54:15,19.73,80.4,105.41,0.66
884,2025-08-11 08:13:26,25.66,40.37,101.46,0.53
885,2025-08-12 11:37:23,26.32,81.71,101.18,0.758
886,2025-08-13 15:34:37,12.89,71.06,101.92,0.441
887,2025-08-15 10:07:47,18.44,75.91,105.36,0.594
888,2025-08-16 19:20:32,26.79,66.52,99.25,0.601
889,2025-08-17 17:00:47,22.54,79.24,101.71,0.8
890,2025-08-17 17:35:44,20.98,89.52,99.7,0.159
891,2025-08-18 05:40:10,18.91,49.41,100.21,0.408
892,2025-08-18 14:48:31,18.08,76.97,101.2,0.67
893,2025-08-21 09:06:40,21.44,72.12,103.99,0.809
894,2025-08-21 09:26:20,18.74,51.7,104.9,0.548
895,2025-08-21 11:01:01,19.79,84.89,102.2,0.441
896,2025-08-21 13:10:09,20.39,47.61,100.55,0.651
897,2025-08-21 21:45:12,16.61,59.58,106.29,0.674
898,2025-08-24 09:49:59,22.66,27.42,100.44,0.428
899,2025-08-24 21:11:28,34.57,35.8,100.16,0.566
900,2025-08-25 17:02:22,11.12,78.85,97.75,0.736
901,2025-08-25 22:57:15,21.62,47.76,104.09,0.878
902,2025-08-26 00:47:43,16.2,47.59,103.24,0.649
903,2025-08-26 18:04:32,22.89,37.22,106.14,0.509
904,2025-08-28 19:02:51,20.23,54.41,98.52,0.489
905,2025-08-29 19:43:38,23.81,76.41,104.22,0.611
906,2025-08-29 20:14:02,25.88,82.66,101.44,0.477
907,2025-08-30 12:55:47,20.96,24.91,102.91,0.538
908,2025-08-31 04:40:38,25.66,60.24,98.0,0.288
909,2025-08-31 22:14:51,8.28,52.71,104.24,0.759
910,2025-09-01 06:02:01,27.95,63.0,102.87,0.272
911,2025-09-01 06:10:29,21.88,51.31,101.22,0.414
912,2025-09-02 00:54:49,25.39,47.91,102.59,0.52
913,2025-09-02 04:51:41,13.9,53.03,99.77,0.898
914,2025-09-02 06:18:48,15.85,60.74,100.14,0.415
915,2025-09-02 14:28:56,20.73,55.07,100.37,0.367
916,2025-09-02 15:51:44,19.91,53.05,97.59,0.39
917,2025-09-03 00:52:22,21.42,77.25,103.02,0.832
918,2025-09-04 04:32:03,25.42,72.2,103.68,0.062
919,2025-09-05 01:51:11,11.17,43.9,99.9,0.299
920,2025-09-05 04:05:02,24.87,76.04,102.0,1.046
921,2025-09-05 16:56:08,20.04,79.76,100.77,0.618
922,2025-09-05 19:36:23,18.98,30.74,101.96,0.279
923,2025-09-06 06:01:35,12.64,60.79,100.04,0.492
924,2025-09-06 21:45:03,22.52,39.97,99.53,0.513
925,2025-09-07 03:04:52,7.93,71.74,103.4,0.669
926,2025-09-09 09:49:52,23.24,36.71,101.17,0.868
927,2025-09-09 11:58:56,12.54,67.0,105.34,0.578
928,2025-09-09 12:20:42,20.27,37.86,101.39,0.392
929,2025-09-09 15:03:20,19.4,55.78,99.45,0.657
930,2025-09-10 17:27:29,25.85,86.41,103.75,0.36
931,2025-09-11 16:12:35,19.11,46.69,102.56,0.293
932,2025-09-12 12:40:28,16.53,81.3,102.75,0.148
933,2025-09-12 15:39:37,17.47,89.09,103.68,0.187
934,2025-09-12 15:51:35,26.36,81.24,99.99,0.321
935,2025-09-13 21:49:52,22.68,31.61,101.05,0.264
936,2025-09-15 14:44:18,18.07,77.38,100.96,0.563
937,2025-09-15 16:46:14,18.82,22.25,98.72,0.26
938,2025-09-19 05:08:28,12.16,47.53,100.77,0.129
939,2025-09-19 05:10:58,21.94,80.95,103.97,0.291
940,2025-09-20 10:12:30,11.2,68.21,101.77,0.406
941,2025-09-21 01:57:22,23.76,57.29,98.61,0.379
942,2025-09-21 02:13:39,20.64,47.15,98.19,0.804
943,2025-09-21 05:32:26,31.93,76.86,104.63,0.377
944,2025-09-21 06:45:31,14.5,69.67,101.12,0.676
945,2025-09-21 19:21:29,19.49,52.79,100.01,0.496
946,2025-09-22 15:24:34,28.99,82.47,100.75,0.492
947,2025-09-22 23:44:21,25.96,36.1,98.35,0.333
948,2025-09-23 12:21:24,16.52,31.93,104.15,0.488
949,2025-09-23 22:34:17,21.12,65.0,100.51,0.347
950,2025-09-25 09:31:13,20.01,88.04,104.03,0.534
951,2025-09-27 03:53:12,21.41,37.31,101.4,0.453
952,2025-09-27 10:31:31,16.51,37.48,104.16,0.311
953,2025-09-27 17:42:09,19.55,29.76,101.81,0.698
954,2025-09-27 21:53:27,12.01,80.24,103.01,0.585
955,2025-09-27 22:56:17,20.68,35.85,102.74,0.41
956,2025-09-28 07:55:56,22.25,55.22,102.55,0.529
957,2025-09-28 10:32:30,18.86,89.36,102.0,0.483
958,2025-09-28 19:21:54,11.92,20.85,100.83,0.326
959,2025-09-29 08:10:08,24.94,58.95,105.13,0.514
960,2025-09-29 11:45:12,21.82,55.86,99.49,0.376
961,2025-09-29 15:42:18,16.37,76.52,101.31,0.311
962,2025-09-30 00:39:45,18.6,44.87,101.33,0.175
963,2025-09-30 05:07:41,12.5,48.72,102.1,0.428
964,2025-09-30 13:33:04,14.87,31.76,100.44,0.613
965,2025-09-30 14:14:46,17.31,71.86,101.93,0.361
966,2025-09-30 14:37:02,26.14,74.93,100.96,1.004
967,2025-09-30 15:18:35,16.8,29.57,98.14,0.677
968,2025-10-03 02:38:28,23.2,47.54,101.32,0.761
969,2025-10-03 21:56:18,17.31,82.5,99.1,0.659
970,2025-10-03 23:45:16,21.24,20.19,97.83,0.871
971,2025-10-04 23:41:54,19.29,40.91,101.57,0.343
972,2025-10-06 01:54:48,24.37,58.85,102.28,0.012
973,2025-10-07 08:50:02,17.33,43.39,102.35,0.411
974,2025-10-09 20:16:54,12.14,39.04,102.43,0.612
975,2025-10-10 08:36:54,13.09,52.2,97.43,0.53
976,2025-10-11 10:55:44,17.34,32.71,98.58,0.555
977,2025-10-11 18:11:33,13.75,57.07,105.25,0.764
978,2025-10-11 18:30:14,22.05,69.47,99.21,0.576
979,2025-10-11 21:01:07,17.67,60.27,102.52,0.66
980,2025-10-12 01:52:42,31.87,26.52,99.93,0.312
981,2025-10-12 22:29:47,11.31,79.11,101.46,0.281
982,2025-10-14 09:17:10,21.02,32.25,100.03,0.823
983,2025-10-14 16:08:04,14.36,73.54,102.42,0.52
984,2025-10-14 18:36:24,17.53,45.24,101.57,0.375
985,2025-10-14 18:58:23,20.71,74.79,100.4,0.376
986,2025-10-14 21:36:23,8.37,34.44,99.2,0.37
987,2025-10-15 09:54:55,21.18,33.07,101.84,0.358
988,2025-10-16 03:16:53,29.51,54.79,98.87,0.243
989,2025-10-17 19:05:04,17.73,22.31,102.15,0.2
990,2025-10-18 13:59:54,21.3,35.77,106.55,0.461
991,2025-10-21 09:46:40,25.12,70.68,104.0,0.381
992,2025-10-21 11:41:40,19.18,78.62,102.74,0.721
993,2025-10-21 23:49:51,17.1,25.65,101.13,0.559
994,2025-10-22 02:09:23,8.62,81.75,97.42,0.553
995,2025-10-22 18:51:06,23.2,75.83,98.66,0.351
996,2025-10-23 00:48:56,19.43,80.88,103.87,0.476
997,2025-10-23 09:29:37,14.94,68.89,99.72,0.572
998,2025-10-23 19:27:16,20.63,67.19,99.9,0.643
999,2025-10-24 04:00:17,17.08,56.76,100.97,0.481
1000,2025-10-24 09:45:17,17.36,65.7,99.18,0.716
