sale_id,sale_ts,customer_id,product_id,store_id,reading_id,quantity,unit_price,amount
1,2024-07-22 22:14:27,4,3,13,295,1,47.91,47.91
2,2024-01-28 06:13:19,8,3,1,39,2,44.04,88.08
3,2025-04-24 11:33:44,1,4,29,709,1,4.22,4.22
4,2025-08-24 10:00:57,9,3,27,898,2,40.39,80.78
5,2025-09-13 21:44:23,4,4,27,935,3,4.73,14.19
6,2025-04-29 07:28:07,8,4,4,716,3,4.88,14.64
7,2024-09-12 07:52:32,10,1,46,363,2,249.65,499.3
8,2024-04-08 10:02:07,8,1,49,154,1,184.52,184.52
9,2024-12-14 14:07:14,10,4,30,516,1,4.08,4.08
10,2025-04-24 01:42:56,1,1,1,708,1,193.13,193.13
11,2024-07-10 01:35:43,2,1,20,273,1,215.6,215.6
12,2024-06-27 04:14:04,7,4,36,257,1,5.97,5.97
13,2025-09-01 05:44:50,6,1,38,910,1,214.89,214.89
14,2024-03-16 21:59:32,2,1,13,115,1,239.92,239.92
15,2024-04-08 01:10:56,8,1,42,153,1,135.61,135.61
16,2024-07-01 06:11:14,1,2,49,263,1,360.54,360.54
17,2025-07-19 09:41:41,10,3,26,851,1,40.88,40.88
18,2025-05-19 19:16:01,2,3,20,747,1,31.94,31.94
19,2024-04-30 07:58:04,5,4,27,185,2,4.58,9.16
20,2025-05-04 10:07:20,9,3,2,729,1,37.22,37.22
21,2025-09-28 19:15:01,6,4,27,958,2,4.97,9.94
22,2024-09-17 22:44:20,8,1,2,371,1,185.85,185.85
23,2025-05-21 11:47:12,8,2,2,751,1,420.84,420.84
24,2024-06-28 12:27:12,10,2,28,259,1,386.06,386.06
25,2025-03-07 13:07:21,5,1,26,646,1,157.8,157.8
26,2024-06-14 14:41:03,10,4,50,243,1,4.85,4.85
27,2025-09-29 15:16:37,6,1,26,961,1,167.22,167.22
28,2025-08-10 15:56:30,9,2,49,882,1,279.31,279.31
29,2024-12-05 22:01:22,8,2,41,497,1,346.36,346.36
30,2024-12-13 12:49:02,2,1,17,514,1,201.36,201.36
31,2024-04-04 19:40:00,7,4,47,147,1,5.82,5.82
32,2024-03-16 15:58:15,9,1,25,114,1,219.79,219.79
33,2024-11-29 20:54:43,2,1,30,486,1,157.15,157.15
34,2025-09-12 15:25:23,9,2,6,934,1,285.13,285.13
35,2024-01-04 06:31:25,2,1,11,7,1,176.76,176.76
36,2024-05-03 19:27:23,9,4,27,189,2,3.99,7.98
37,2025-02-17 07:02:53,8,1,14,615,1,216.09,216.09
38,2024-05-09 03:37:03,2,2,30,196,1,309.88,309.88
39,2024-03-15 06:32:16,8,2,4,112,1,359.67,359.67
40,2024-03-02 20:19:11,2,1,13,91,2,154.78,309.56
41,2025-09-30 04:23:30,6,1,34,963,1,282.71,282.71
42,2025-02-15 08:02:27,10,3,31,612,1,28.65,28.65
43,2024-03-13 11:39:59,3,1,50,108,1,116.35,116.35
44,2024-04-29 23:31:33,2,1,45,184,1,223.17,223.17
45,2024-10-14 01:55:04,5,2,41,413,1,325.29,325.29
46,2025-04-17 21:03:02,4,2,1,701,1,258.11,258.11
47,2025-08-21 13:07:13,1,2,31,896,1,338.02,338.02
48,2025-05-30 00:36:52,5,4,12,763,1,4.78,4.78
49,2025-08-03 03:42:38,3,2,14,874,1,361.25,361.25
50,2024-01-29 19:48:45,2,3,11,44,1,43.3,43.3
51,2024-03-23 20:27:38,3,4,23,129,2,5.16,10.32
52,2025-09-06 21:26:39,1,1,7,924,1,213.7,213.7
53,2024-02-10 02:57:20,10,3,27,66,1,39.0,39.0
54,2024-02-20 19:42:19,10,2,9,77,2,312.23,624.46
55,2025-10-03 21:41:28,4,3,26,969,2,48.67,97.34
56,2024-09-03 02:20:48,9,1,32,350,1,169.73,169.73
57,2024-10-07 23:28:14,5,2,9,402,1,406.64,406.64
58,2025-03-23 11:33:55,10,1,6,668,1,176.76,176.76
59,2025-07-04 22:12:56,2,4,41,820,2,4.35,8.7
60,2024-03-14 15:56:34,3,3,37,110,1,43.15,43.15
61,2024-09-05 01:58:32,8,1,14,354,1,195.73,195.73
62,2025-07-16 04:44:16,3,3,45,841,2,41.27,82.54
63,2025-09-06 06:30:45,9,4,12,923,2,5.85,11.7
64,2024-12-30 00:59:15,5,3,47,544,1,25.98,25.98
65,2025-07-01 15:22:10,5,2,6,817,1,390.08,390.08
66,2024-12-24 21:27:07,5,4,34,538,1,4.75,4.75
67,2024-10-24 16:22:01,8,1,1,431,1,242.87,242.87
68,2025-07-11 07:23:59,1,1,10,831,1,179.79,179.79
69,2025-03-23 05:13:28,8,1,21,667,1,209.47,209.47
70,2024-09-24 22:07:10,8,4,5,378,1,5.79,5.79
71,2025-04-28 04:42:27,9,3,23,714,1,40.72,40.72
72,2024-09-28 00:45:24,10,3,12,382,1,37.6,37.6
73,2024-07-19 01:31:34,8,3,5,289,1,40.89,40.89
74,2025-02-23 15:05:11,6,2,49,623,1,360.19,360.19
75,2024-06-26 00:47:28,5,1,50,255,1,180.12,180.12
76,2025-09-23 22:09:05,4,4,49,949,1,5.92,5.92
77,2025-02-26 16:25:13,9,4,8,634,2,4.23,8.46
78,2025-06-15 00:24:43,4,1,20,792,1,128.14,128.14
79,2025-02-04 14:05:29,6,1,17,596,1,227.69,227.69
80,2024-11-04 06:54:03,1,3,17,451,1,40.71,40.71
81,2025-07-17 04:19:40,4,1,21,843,1,187.29,187.29
82,2025-01-26 16:16:22,3,3,26,583,1,42.79,42.79
83,2025-04-13 03:45:47,5,4,25,694,2,4.84,9.68
84,2024-04-24 16:35:49,6,2,15,177,1,280.06,280.06
85,2024-09-29 21:33:21,8,2,49,384,1,283.77,283.77
86,2024-09-30 12:24:52,5,4,49,387,1,4.19,4.19
87,2024-09-22 18:13:06,2,2,17,375,2,335.8,671.6
88,2024-08-02 04:01:55,6,1,12,313,1,183.67,183.67
89,2025-09-02 00:34:30,1,1,27,912,1,226.94,226.94
90,2024-12-17 21:18:22,9,4,19,521,1,4.58,4.58
91,2024-05-17 06:20:44,8,4,50,204,1,5.17,5.17
92,2024-08-16 02:08:17,3,1,22,332,1,144.14,144.14
93,2024-08-05 20:01:31,3,4,2,318,1,4.44,4.44
94,2025-09-02 05:11:08,1,1,7,913,1,227.96,227.96
95,2024-01-01 19:11:22,4,1,4,1,1,207.98,207.98
96,2024-10-05 17:52:21,1,2,20,401,1,400.42,400.42
97,2025-10-12 02:37:07,10,2,16,980,1,391.53,391.53
98,2025-06-09 01:30:09,2,4,43,783,1,5.33,5.33
99,2024-07-15 20:01:05,7,3,45,282,1,24.17,24.17
100,2024-01-04 14:03:54,6,1,8,8,1,211.87,211.87
101,2025-10-21 09:28:03,3,3,48,991,1,36.85,36.85
102,2025-10-10 08:57:20,9,4,30,975,3,4.66,13.98
103,2024-09-17 06:12:11,2,3,16,369,1,43.57,43.57
104,2024-06-19 16:31:16,9,1,21,249,2,189.54,379.08
105,2025-05-05 02:28:05,8,1,23,731,1,154.28,154.28
106,2024-02-03 06:47:04,7,2,9,51,2,372.12,744.24
107,2024-03-03 23:56:29,9,2,44,93,1,513.63,513.63
108,2025-07-09 13:40:08,5,2,1,828,1,281.63,281.63
109,2025-07-15 03:10:11,3,1,4,840,1,169.9,169.9
110,2025-07-08 23:37:53,2,1,14,826,1,186.98,186.98
111,2024-10-25 05:31:21,10,3,8,435,1,31.64,31.64
112,2024-05-07 15:22:51,5,4,4,193,3,5.22,15.66
113,2024-06-12 04:15:38,9,3,20,238,1,44.55,44.55
114,2025-07-29 04:22:35,4,2,19,868,1,364.47,364.47
115,2024-05-10 14:44:49,10,4,7,197,2,5.1,10.2
116,2024-04-19 23:24:15,9,3,41,171,1,44.52,44.52
117,2025-01-19 03:04:54,4,3,45,570,1,38.68,38.68
118,2025-09-30 00:59:13,5,3,36,962,2,37.13,74.26
119,2024-11-30 16:58:50,8,4,27,489,2,5.31,10.62
120,2024-07-07 17:57:00,3,3,48,271,1,35.15,35.15
121,2025-10-09 20:45:15,1,3,18,974,1,37.05,37.05
122,2024-03-04 02:52:50,3,3,22,95,1,36.09,36.09
123,2024-04-18 13:44:52,6,4,1,168,2,5.95,11.9
124,2024-07-26 13:29:09,2,4,36,299,2,3.05,6.1
125,2024-12-08 17:32:35,4,2,5,505,1,320.7,320.7
126,2024-01-30 13:45:07,10,3,34,46,1,39.92,39.92
127,2025-07-22 14:18:51,1,1,40,859,1,195.95,195.95
128,2024-06-05 22:07:19,1,3,11,224,1,48.07,48.07
129,2025-09-21 02:35:51,5,4,31,942,1,5.81,5.81
130,2025-02-10 23:16:14,1,3,16,604,1,44.0,44.0
131,2025-06-24 02:13:12,1,2,20,807,1,408.62,408.62
132,2025-07-26 11:50:27,2,3,27,865,1,44.29,44.29
133,2024-04-02 16:41:33,2,2,13,143,1,287.78,287.78
134,2025-04-07 20:09:00,9,2,40,686,2,299.76,599.52
135,2025-03-23 11:49:00,2,1,20,669,2,202.53,405.06
136,2024-04-10 09:40:42,6,3,24,156,1,39.73,39.73
137,2025-07-10 23:07:25,8,1,41,830,1,198.59,198.59
138,2025-01-02 21:05:36,7,2,12,549,1,329.24,329.24
139,2024-04-23 12:16:26,7,4,23,175,2,5.19,10.38
140,2024-05-08 21:26:22,4,4,50,195,1,5.64,5.64
141,2024-10-20 11:20:28,9,2,20,422,1,321.54,321.54
142,2025-09-25 10:13:17,1,4,6,950,2,4.87,9.74
143,2025-04-29 12:35:07,2,1,15,717,1,254.16,254.16
144,2024-12-19 18:50:25,9,4,48,527,1,4.94,4.94
145,2025-02-27 03:37:27,1,2,38,635,1,411.95,411.95
146,2025-01-18 05:48:23,2,4,41,569,1,3.84,3.84
147,2024-10-14 14:22:48,2,4,13,415,1,6.0,6.0
148,2024-12-24 06:48:26,1,3,42,536,1,38.47,38.47
149,2024-09-11 17:51:54,2,3,20,361,2,44.49,88.98
150,2024-02-05 09:03:42,6,3,40,57,1,39.0,39.0
151,2025-10-07 09:44:22,7,1,45,973,1,174.17,174.17
152,2024-10-20 06:32:11,1,1,11,421,1,208.21,208.21
153,2024-07-18 19:26:30,10,2,47,288,1,340.06,340.06
154,2024-08-09 13:06:38,1,2,32,323,1,403.97,403.97
155,2025-01-10 02:27:33,7,3,37,560,1,37.71,37.71
156,2025-05-16 14:45:03,9,2,38,745,1,400.4,400.4
157,2025-02-25 18:56:05,6,3,9,630,1,50.78,50.78
158,2024-08-05 03:14:48,5,1,38,316,1,186.75,186.75
159,2025-03-01 23:39:11,2,1,11,639,1,188.43,188.43
160,2024-02-14 02:23:12,3,4,14,69,2,4.0,8.0
161,2025-05-04 23:48:02,9,4,6,730,1,5.34,5.34
162,2025-09-20 10:11:14,4,4,10,940,2,3.35,6.7
163,2025-07-19 19:18:10,1,2,49,852,2,342.64,685.28
164,2024-01-08 02:55:31,8,3,17,15,1,21.99,21.99
165,2024-09-14 03:09:35,7,3,20,365,1,39.88,39.88
166,2025-03-26 08:29:50,1,2,24,672,1,383.24,383.24
167,2025-06-06 04:21:09,1,3,36,781,1,33.35,33.35
168,2024-10-31 01:11:57,2,3,29,444,1,40.2,40.2
169,2025-01-01 15:29:35,1,2,27,547,1,308.57,308.57
170,2024-12-22 09:37:10,7,2,42,532,1,317.38,317.38
171,2024-10-21 05:06:13,2,2,25,423,1,321.52,321.52
172,2024-10-23 00:21:50,7,4,39,426,2,4.9,9.8
173,2025-09-29 08:59:39,2,4,46,959,1,5.69,5.69
174,2025-01-14 13:05:24,10,4,34,566,3,5.16,15.48
175,2024-11-20 08:28:38,8,4,2,470,2,5.78,11.56
176,2024-01-16 21:37:20,4,2,14,25,1,351.4,351.4
177,2025-10-11 18:51:34,5,4,31,978,1,4.85,4.85
178,2025-08-24 22:01:17,1,1,24,899,1,186.97,186.97
179,2025-02-25 21:35:51,1,4,15,631,1,4.78,4.78
180,2024-03-20 09:01:41,6,2,17,124,1,343.73,343.73
181,2025-05-27 22:48:14,1,2,4,760,1,310.83,310.83
182,2025-05-03 10:36:36,7,1,12,725,1,206.29,206.29
183,2025-05-02 01:17:38,4,1,40,721,1,206.66,206.66
184,2025-06-03 16:09:32,2,2,1,775,1,362.96,362.96
185,2025-08-07 06:23:32,6,3,42,879,1,33.17,33.17
186,2024-04-13 15:31:05,6,1,17,164,1,223.42,223.42
187,2024-02-14 02:54:23,8,4,41,70,2,4.54,9.08
188,2024-12-12 11:15:05,2,1,13,511,2,184.27,368.54
189,2024-04-27 14:10:29,6,4,42,182,2,4.62,9.24
190,2025-03-31 22:55:15,9,2,29,680,1,222.89,222.89
191,2024-09-13 03:03:46,3,2,43,364,1,354.78,354.78
192,2024-02-18 01:55:00,9,1,4,74,1,251.42,251.42
193,2024-03-20 03:03:13,8,4,40,122,1,4.58,4.58
194,2025-02-24 16:54:03,5,3,14,626,1,36.62,36.62
195,2024-04-13 01:14:45,9,1,18,162,2,243.12,486.24
196,2025-03-08 05:26:01,10,1,3,648,1,177.42,177.42
197,2024-09-23 01:30:11,3,3,48,376,1,47.84,47.84
198,2025-06-01 07:16:21,10,4,33,771,2,4.92,9.84
199,2025-04-15 02:08:06,1,1,50,695,1,160.0,160.0
200,2024-03-04 01:21:33,2,1,29,94,1,215.4,215.4
201,2025-06-15 18:28:37,1,3,8,798,1,38.07,38.07
202,2024-05-22 22:55:12,4,1,17,207,2,192.51,385.02
203,2024-02-21 11:04:24,10,2,22,78,2,384.07,768.14
204,2025-07-20 15:02:02,7,1,8,856,1,190.26,190.26
205,2025-03-17 09:37:01,7,2,47,659,1,299.99,299.99
206,2025-09-09 11:04:35,1,3,48,927,1,49.04,49.04
207,2025-04-22 19:37:07,6,2,29,705,1,406.62,406.62
208,2024-04-05 09:42:42,4,2,30,148,1,348.65,348.65
209,2024-11-20 13:31:27,5,2,36,471,1,318.58,318.58
210,2025-09-27 22:30:42,3,3,34,955,1,27.72,27.72
211,2024-12-17 04:51:30,3,1,4,519,1,125.31,125.31
212,2024-11-01 11:33:40,10,1,27,447,1,224.5,224.5
213,2025-02-09 01:54:33,6,1,39,601,1,160.24,160.24
214,2025-02-22 06:03:25,5,4,41,621,1,4.48,4.48
215,2025-08-16 20:05:06,1,3,30,888,1,27.81,27.81
216,2025-04-11 02:07:20,8,1,45,692,1,208.3,208.3
217,2024-07-29 19:10:29,5,2,30,307,1,377.58,377.58
218,2025-06-03 20:10:37,4,2,20,776,1,321.56,321.56
219,2024-09-26 16:16:44,7,1,23,380,1,202.98,202.98
220,2024-09-10 04:09:50,2,4,35,358,1,4.57,4.57
221,2025-10-15 10:51:22,6,4,45,987,2,6.06,12.12
222,2025-08-07 12:44:48,9,1,12,880,1,215.54,215.54
223,2025-06-28 16:11:29,5,1,15,812,1,206.33,206.33
224,2025-05-28 08:08:23,1,2,33,761,1,414.53,414.53
225,2025-08-10 19:10:09,3,3,39,883,1,38.55,38.55
226,2025-04-25 15:16:52,1,4,20,711,2,4.93,9.86
227,2024-12-26 23:47:54,6,2,33,540,1,483.96,483.96
228,2025-06-15 08:48:07,4,2,1,795,1,346.6,346.6
229,2024-04-11 20:23:11,2,1,15,159,1,206.99,206.99
230,2024-03-11 13:37:50,7,1,48,105,1,193.48,193.48
231,2024-01-06 08:36:33,2,1,29,13,1,165.69,165.69
232,2024-09-18 07:33:30,4,2,44,372,2,338.45,676.9
233,2024-04-01 03:17:17,10,3,11,140,1,37.99,37.99
234,2024-09-20 03:07:51,1,1,15,373,1,185.41,185.41
235,2024-07-30 19:50:18,3,1,49,310,1,194.21,194.21
236,2024-10-16 12:33:24,4,4,50,417,1,5.88,5.88
237,2024-01-06 04:39:04,6,4,44,12,1,4.57,4.57
238,2025-01-29 15:29:46,3,3,16,588,1,48.66,48.66
239,2025-10-11 11:09:52,10,3,41,976,1,43.37,43.37
240,2025-02-01 13:16:05,1,3,23,592,1,39.12,39.12
241,2024-12-14 22:52:05,10,2,43,517,1,278.38,278.38
242,2025-07-10 06:23:44,6,1,43,829,1,161.37,161.37
243,2024-09-29 21:16:52,1,2,22,385,1,356.0,356.0
244,2025-06-17 07:05:24,2,3,16,801,1,42.83,42.83
245,2024-11-23 00:42:23,2,3,49,477,1,34.15,34.15
246,2024-07-01 04:51:31,3,3,23,262,1,36.22,36.22
247,2024-10-27 22:51:27,4,3,22,438,1,43.89,43.89
248,2024-06-27 02:47:10,7,1,34,256,1,212.94,212.94
249,2024-01-24 19:16:34,4,3,47,33,2,40.1,80.2
250,2024-04-19 11:14:33,8,4,7,169,2,5.12,10.24
251,2025-04-05 14:55:44,3,3,50,685,2,33.63,67.26
252,2025-06-14 19:49:32,3,3,22,791,1,44.04,44.04
253,2025-02-28 01:26:43,3,1,2,636,1,233.39,233.39
254,2024-12-05 21:56:00,4,4,16,498,1,6.55,6.55
255,2024-10-24 04:19:19,9,2,24,429,2,364.81,729.62
256,2025-05-14 11:41:55,3,2,34,743,1,412.56,412.56
257,2025-03-21 00:39:37,3,2,29,664,1,281.12,281.12
258,2024-06-03 04:10:40,10,1,7,215,2,207.18,414.36
259,2025-06-16 10:09:51,7,4,25,800,1,5.01,5.01
260,2024-10-08 17:14:49,2,3,12,404,1,38.86,38.86
261,2024-03-31 12:21:33,9,2,14,138,1,398.2,398.2
262,2024-11-10 07:29:43,2,4,36,456,2,5.43,10.86
263,2024-08-08 19:33:23,2,1,41,320,1,154.3,154.3
264,2024-10-14 16:17:26,5,2,8,416,1,383.04,383.04
265,2024-02-06 02:32:44,7,3,31,58,2,52.71,105.42
266,2024-02-02 10:53:36,2,1,22,49,1,187.4,187.4
267,2024-12-24 13:21:35,8,3,17,537,1,41.04,41.04
268,2024-06-28 09:20:45,2,4,36,258,2,4.82,9.64
269,2024-03-23 03:16:35,8,3,13,128,2,33.39,66.78
270,2024-07-28 16:10:02,1,1,39,304,1,168.43,168.43
271,2025-08-03 02:11:00,5,3,21,873,1,32.63,32.63
272,2025-09-27 21:38:31,7,2,5,954,1,341.31,341.31
273,2025-04-12 15:57:40,3,3,40,693,1,45.24,45.24
274,2025-08-25 17:17:05,7,3,43,900,1,46.38,46.38
275,2025-08-02 16:43:59,7,1,29,872,1,198.28,198.28
276,2025-07-11 11:09:42,7,1,37,832,1,198.79,198.79
277,2024-12-18 08:21:07,4,1,8,524,1,186.72,186.72
278,2024-03-09 07:22:56,8,1,17,102,1,174.74,174.74
279,2024-06-04 12:34:17,8,2,18,219,1,319.55,319.55
280,2024-06-25 09:18:18,4,1,39,253,1,200.82,200.82
281,2024-11-29 11:09:41,8,4,18,483,3,4.13,12.39
282,2024-10-24 03:44:39,10,4,37,428,1,4.54,4.54
283,2025-01-06 13:45:03,9,1,16,555,1,157.73,157.73
284,2025-09-01 05:32:24,8,2,31,911,1,349.78,349.78
285,2024-02-29 18:43:38,8,3,11,88,1,37.68,37.68
286,2025-03-11 15:22:25,9,3,28,656,1,49.9,49.9
287,2025-10-23 00:04:40,3,3,5,996,1,32.07,32.07
288,2024-08-07 12:27:53,8,4,37,319,2,4.84,9.68
289,2025-10-23 09:57:38,2,3,2,997,2,36.84,73.68
290,2025-09-15 16:57:07,4,3,50,937,1,46.49,46.49
291,2025-01-13 16:49:55,10,3,42,562,1,35.54,35.54
292,2025-05-31 19:52:43,3,3,29,769,1,43.45,43.45
293,2024-02-27 00:33:27,9,2,46,85,1,290.76,290.76
294,2025-04-16 17:02:58,5,3,41,700,1,43.57,43.57
295,2025-08-21 22:40:29,3,4,8,897,1,4.88,4.88
296,2025-01-28 14:04:26,1,2,38,586,1,292.35,292.35
297,2024-07-17 00:52:15,6,1,19,284,1,178.93,178.93
298,2024-08-09 15:19:02,5,3,43,324,1,43.5,43.5
299,2025-05-07 04:21:10,6,4,44,734,3,4.98,14.94
300,2024-01-28 04:08:48,1,4,48,38,2,4.38,8.76
301,2025-04-20 18:23:30,3,3,23,703,1,37.89,37.89
302,2024-07-28 01:44:51,1,4,10,303,1,5.01,5.01
303,2024-09-27 11:44:17,4,2,7,381,1,247.4,247.4
304,2025-01-17 20:19:52,10,2,9,568,2,321.78,643.56
305,2025-01-26 09:39:34,2,2,50,582,1,397.15,397.15
306,2025-03-05 13:59:36,7,2,30,640,1,407.23,407.23
307,2024-06-07 03:53:57,1,3,18,227,1,36.75,36.75
308,2025-08-31 03:42:28,6,4,23,908,2,5.44,10.88
309,2024-01-30 06:25:51,10,2,9,45,1,345.29,345.29
310,2024-04-09 21:33:54,4,1,29,155,1,221.26,221.26
311,2025-07-18 20:03:03,2,4,22,849,2,4.89,9.78
312,2024-10-29 10:13:29,6,4,40,442,1,5.45,5.45
313,2025-09-05 16:01:33,3,4,2,921,2,4.69,9.38
314,2024-12-10 22:02:14,9,2,47,508,2,275.04,550.08
315,2024-10-23 02:29:32,9,3,4,427,2,39.87,79.74
316,2025-02-28 22:12:43,7,3,21,637,1,37.63,37.63
317,2025-02-23 02:44:32,7,4,18,622,1,4.9,4.9
318,2025-08-17 16:31:38,7,4,36,889,2,5.51,11.02
319,2024-06-08 16:15:13,8,4,33,230,1,3.36,3.36
320,2024-09-28 22:50:42,5,2,10,383,1,457.73,457.73
321,2025-09-09 14:45:34,10,1,25,929,1,241.6,241.6
322,2024-10-09 08:57:00,4,1,27,405,1,193.55,193.55
323,2024-04-17 19:11:14,1,4,24,167,2,4.38,8.76
324,2024-01-17 11:39:00,7,4,2,26,3,5.06,15.18
325,2024-09-11 23:10:21,7,1,9,362,1,191.01,191.01
326,2025-07-18 07:25:42,10,2,26,847,1,432.89,432.89
327,2024-05-29 13:47:55,4,1,14,212,1,250.63,250.63
328,2024-05-04 09:43:41,5,2,28,190,1,390.12,390.12
329,2025-07-17 22:03:39,6,3,9,846,1,33.59,33.59
330,2024-01-27 14:36:38,4,3,37,37,1,40.04,40.04
331,2025-06-29 09:12:08,8,2,10,814,1,368.8,368.8
332,2024-01-28 08:06:47,5,2,33,40,1,346.19,346.19
333,2025-02-20 05:19:13,8,3,42,618,1,39.46,39.46
334,2024-03-26 18:01:57,5,3,18,132,1,40.84,40.84
335,2024-01-05 20:38:04,3,1,7,11,1,278.31,278.31
336,2024-02-02 16:32:20,10,1,1,50,1,181.55,181.55
337,2025-10-24 09:54:56,6,2,19,1000,1,457.13,457.13
338,2024-02-16 12:22:18,8,2,6,72,1,372.36,372.36
339,2024-01-24 22:45:33,6,4,45,34,2,5.25,10.5
340,2025-10-14 09:26:32,4,4,49,982,2,5.91,11.82
341,2025-02-26 08:41:38,10,3,50,633,1,41.16,41.16
342,2025-07-20 10:52:21,4,1,47,855,1,201.96,201.96
343,2024-07-19 04:02:16,10,1,30,290,1,193.44,193.44
344,2024-01-20 05:10:48,5,2,17,28,1,371.26,371.26
345,2025-06-04 20:50:02,1,3,23,778,1,40.89,40.89
346,2025-10-03 03:22:34,1,3,13,968,1,34.9,34.9
347,2025-01-24 06:46:49,10,1,43,576,2,216.55,433.1
348,2024-03-02 22:04:24,6,4,22,92,2,6.17,12.34
349,2024-04-24 19:32:12,4,2,20,178,1,428.7,428.7
350,2024-11-14 00:37:17,9,3,35,466,1,44.48,44.48
351,2024-05-07 01:16:52,7,1,19,191,1,171.23,171.23
352,2024-03-26 01:10:01,7,4,18,131,2,5.71,11.42
353,2025-02-05 19:37:55,7,3,12,598,1,41.29,41.29
354,2024-02-19 01:48:51,2,1,4,75,1,214.73,214.73
355,2025-05-26 22:27:10,1,2,2,759,1,378.42,378.42
356,2025-02-11 07:02:27,8,2,21,605,1,394.25,394.25
357,2025-09-12 16:10:36,1,1,50,933,1,195.08,195.08
358,2024-11-11 12:06:59,8,4,14,459,1,5.21,5.21
359,2025-02-24 22:56:13,2,4,33,628,3,4.64,13.92
360,2025-01-26 04:40:41,3,4,17,581,2,5.57,11.14
361,2025-08-05 19:55:04,8,2,16,876,1,322.59,322.59
362,2024-12-13 06:29:44,7,3,9,513,1,22.62,22.62
363,2024-06-03 04:59:19,8,2,29,216,1,407.8,407.8
364,2024-06-08 01:43:22,7,2,33,229,2,369.65,739.3
365,2025-06-07 20:27:20,1,3,18,782,1,41.29,41.29
366,2024-07-17 16:50:53,9,2,27,287,1,333.43,333.43
367,2024-06-25 15:08:04,3,4,24,254,2,4.53,9.06
368,2025-02-17 06:13:59,2,1,14,616,2,244.42,488.84
369,2025-04-23 03:37:04,9,1,35,706,2,186.82,373.64
370,2025-02-26 08:08:52,2,4,28,632,1,5.96,5.96
371,2024-11-20 16:11:16,6,4,4,472,2,5.25,10.5
372,2025-04-02 02:10:46,5,4,25,682,1,5.32,5.32
373,2025-06-01 23:16:52,8,2,20,772,1,383.29,383.29
374,2025-02-24 16:37:20,1,2,40,625,2,435.63,871.26
375,2025-08-05 20:50:33,2,1,16,877,1,157.75,157.75
376,2024-04-27 16:04:00,5,2,48,183,1,462.33,462.33
377,2025-04-28 18:06:33,5,3,31,715,1,39.64,39.64
378,2024-04-25 18:08:34,8,2,7,179,2,382.4,764.8
379,2025-05-12 05:54:25,7,2,21,740,3,311.52,934.56
380,2025-06-15 01:44:17,2,1,45,794,1,235.54,235.54
381,2025-10-05 00:01:56,10,2,13,971,1,339.67,339.67
382,2024-09-02 06:02:40,5,3,36,349,1,46.22,46.22
383,2025-05-31 21:20:47,10,3,40,770,1,42.74,42.74
384,2025-05-25 15:22:31,10,3,35,755,1,47.29,47.29
385,2025-08-29 19:55:33,1,4,5,906,5,5.52,27.6
386,2025-09-19 05:49:48,6,1,19,939,1,160.26,160.26
387,2024-12-08 03:04:39,5,2,18,504,1,338.78,338.78
388,2024-07-15 10:54:26,5,3,18,281,1,39.9,39.9
389,2025-05-29 01:02:30,4,2,44,762,2,415.48,830.96
390,2025-07-24 00:43:02,6,4,1,861,1,4.09,4.09
391,2024-12-19 05:35:44,5,1,27,526,2,197.54,395.08
392,2025-10-22 02:40:24,2,1,50,994,1,220.27,220.27
393,2025-06-09 12:59:48,3,2,44,784,2,222.64,445.28
394,2024-05-07 11:58:16,2,2,31,192,1,344.2,344.2
395,2024-02-03 18:03:42,9,4,50,52,2,4.61,9.22
396,2024-11-29 16:24:59,7,2,21,485,1,388.18,388.18
397,2024-04-26 17:07:09,4,2,31,180,1,378.46,378.46
398,2024-06-17 20:48:05,4,1,28,247,1,158.63,158.63
399,2025-07-20 07:46:31,1,2,3,854,1,363.26,363.26
400,2024-10-24 21:35:08,3,3,3,432,1,36.8,36.8
401,2025-08-21 09:39:51,10,3,45,893,1,48.16,48.16
402,2024-10-28 16:57:00,1,3,9,440,1,47.51,47.51
403,2024-02-09 23:34:56,2,2,18,65,2,395.15,790.3
404,2024-02-01 12:16:09,9,1,32,47,1,174.63,174.63
405,2024-05-31 05:07:57,6,1,29,213,1,160.34,160.34
406,2025-01-03 07:03:04,1,1,26,551,1,218.25,218.25
407,2024-04-12 22:31:41,5,3,49,161,1,33.7,33.7
408,2025-04-03 01:18:26,8,4,40,684,2,5.34,10.68
409,2025-01-10 14:10:13,4,4,48,561,3,5.43,16.29
410,2024-01-09 04:43:34,4,2,33,17,2,375.05,750.1
411,2024-02-26 06:34:17,7,1,49,84,1,160.58,160.58
412,2025-06-15 00:02:28,6,3,31,793,1,39.77,39.77
413,2024-11-02 23:39:40,10,1,28,450,1,212.25,212.25
414,2024-01-04 02:11:39,3,3,41,6,1,42.35,42.35
415,2024-10-27 12:35:26,3,2,44,437,1,311.37,311.37
416,2024-02-23 01:08:26,2,4,4,79,2,5.26,10.52
417,2024-07-29 04:47:05,7,3,46,306,1,38.84,38.84
418,2025-03-21 07:01:40,6,3,35,665,1,40.21,40.21
419,2025-08-13 15:01:33,4,2,45,886,1,319.84,319.84
420,2024-03-19 20:50:21,7,4,36,120,3,4.13,12.39
421,2024-02-24 14:44:47,4,3,47,80,1,53.12,53.12
422,2024-04-02 17:43:58,2,3,14,144,2,39.81,79.62
423,2025-01-03 15:32:04,6,2,10,552,1,278.49,278.49
424,2025-06-02 20:18:55,5,2,10,774,1,313.93,313.93
425,2025-05-05 06:18:14,5,4,13,732,1,4.76,4.76
426,2024-06-07 01:38:46,5,2,11,226,1,375.47,375.47
427,2025-07-12 20:38:12,10,1,23,834,1,178.64,178.64
428,2025-01-25 22:39:48,3,2,10,580,1,339.74,339.74
429,2024-10-31 00:02:02,3,2,8,443,2,362.19,724.38
430,2025-06-30 17:11:37,6,2,27,815,1,371.95,371.95
431,2025-06-16 05:54:14,1,1,40,799,1,195.26,195.26
432,2024-09-26 16:27:36,2,1,7,379,1,251.48,251.48
433,2024-07-27 12:21:47,6,2,26,301,1,384.69,384.69
434,2024-02-05 04:20:58,6,2,33,56,1,381.54,381.54
435,2024-08-12 10:04:07,7,1,36,326,2,215.76,431.52
436,2024-04-11 21:03:05,2,2,6,158,1,408.06,408.06
437,2024-06-01 21:03:23,9,2,37,214,1,358.59,358.59
438,2024-08-20 15:19:05,5,1,2,337,1,168.16,168.16
439,2025-02-11 14:04:04,2,2,12,606,1,369.32,369.32
440,2025-10-11 17:50:15,4,2,16,977,1,376.11,376.11
441,2025-06-28 21:40:49,3,1,43,813,1,237.2,237.2
442,2025-02-02 09:23:06,5,4,10,593,1,4.16,4.16
443,2024-08-18 01:20:00,5,1,40,335,1,171.65,171.65
444,2024-11-29 13:06:12,5,3,50,484,2,40.0,80.0
445,2024-09-21 05:04:18,5,3,48,374,1,43.55,43.55
446,2024-01-22 10:45:34,10,4,16,31,1,4.03,4.03
447,2025-09-15 14:55:32,10,3,5,936,1,33.4,33.4
448,2025-05-18 16:16:54,5,3,12,746,1,45.02,45.02
449,2024-01-29 14:58:29,10,4,39,43,2,4.06,8.12
450,2024-03-28 14:22:54,9,4,10,134,1,4.32,4.32
451,2024-09-24 21:31:40,9,1,33,377,2,226.04,452.08
452,2024-11-28 16:33:03,3,4,19,482,1,5.43,5.43
453,2025-01-21 11:52:44,5,2,39,572,1,314.69,314.69
454,2024-07-21 04:09:46,4,1,31,293,1,212.5,212.5
455,2025-06-11 03:50:43,1,3,30,788,1,41.49,41.49
456,2024-10-18 19:35:45,1,4,40,420,2,4.88,9.76
457,2024-11-21 05:50:43,7,1,48,474,1,186.28,186.28
458,2025-03-06 10:49:24,5,1,19,642,1,211.26,211.26
459,2025-04-03 00:56:07,9,4,27,683,2,4.12,8.24
460,2025-06-27 12:59:20,7,3,32,810,1,42.39,42.39
461,2025-10-16 02:24:40,1,1,42,988,2,203.55,407.1
462,2024-01-04 00:26:02,9,4,25,5,1,5.17,5.17
463,2025-03-06 08:35:45,5,2,19,641,1,418.72,418.72
464,2024-02-10 12:30:43,6,2,43,68,1,314.85,314.85
465,2025-07-17 16:16:22,10,2,48,844,1,322.33,322.33
466,2025-07-17 18:00:13,7,3,29,845,2,38.79,77.58
467,2024-08-20 14:04:57,1,1,6,338,1,216.13,216.13
468,2024-07-07 05:49:54,2,2,15,268,1,360.17,360.17
469,2025-07-16 15:01:24,5,2,24,842,1,268.41,268.41
470,2025-09-19 05:42:59,1,1,36,938,1,197.63,197.63
471,2025-04-18 00:32:02,2,4,34,702,2,5.03,10.06
472,2025-04-20 21:47:40,8,1,42,704,1,238.92,238.92
473,2024-10-10 04:28:33,2,4,2,406,1,4.74,4.74
474,2025-04-08 23:11:42,2,1,24,688,1,213.36,213.36
475,2024-07-27 02:41:04,6,2,36,300,1,494.56,494.56
476,2024-03-14 22:55:13,1,1,50,111,1,232.76,232.76
477,2024-12-27 05:28:54,3,2,8,541,1,297.87,297.87
478,2025-03-06 16:57:58,10,3,44,643,1,44.27,44.27
479,2024-10-04 00:09:59,7,1,1,396,1,211.04,211.04
480,2024-11-07 19:56:12,10,3,10,455,1,37.76,37.76
481,2025-07-29 19:43:07,4,4,43,870,1,5.54,5.54
482,2025-02-09 11:49:09,7,2,40,602,1,297.17,297.17
483,2025-10-14 18:04:19,3,1,49,985,1,179.58,179.58
484,2024-04-21 05:41:05,4,3,31,172,1,38.85,38.85
485,2024-02-06 16:54:48,2,1,31,60,2,186.52,373.04
486,2025-03-07 12:57:23,9,1,27,647,1,217.11,217.11
487,2024-11-13 01:11:25,2,2,26,464,1,346.18,346.18
488,2025-07-12 05:33:39,3,2,26,833,1,323.02,323.02
489,2024-10-17 15:11:12,5,1,15,419,1,232.19,232.19
490,2024-12-21 00:21:27,5,4,43,529,1,5.42,5.42
491,2024-10-24 12:39:56,4,3,18,430,1,31.62,31.62
492,2025-01-09 19:28:53,4,4,31,559,2,3.94,7.88
493,2025-03-29 19:05:07,3,2,34,676,1,323.37,323.37
494,2025-02-16 06:23:49,10,2,27,613,1,282.05,282.05
495,2024-11-04 22:24:20,6,4,31,452,2,5.7,11.4
496,2025-08-21 09:39:28,10,1,3,894,1,180.88,180.88
497,2025-04-30 13:36:48,10,2,16,718,1,375.18,375.18
498,2025-08-06 21:17:30,7,4,23,878,1,6.51,6.51
499,2024-10-17 08:25:37,9,2,20,418,1,386.59,386.59
500,2024-12-28 16:24:58,2,4,46,542,1,3.61,3.61
501,2025-09-03 00:44:08,10,2,45,917,1,320.33,320.33
502,2025-02-19 00:35:23,5,2,36,617,1,338.51,338.51
503,2025-10-12 21:31:54,8,4,18,981,2,4.42,8.84
504,2025-01-14 07:01:32,3,1,3,563,1,163.53,163.53
505,2025-08-05 02:03:48,1,4,38,875,3,6.68,20.04
506,2025-03-01 22:21:14,9,1,45,638,2,237.07,474.14
507,2025-05-03 22:27:22,5,2,25,727,1,411.24,411.24
508,2025-09-27 18:31:27,2,3,42,953,1,30.68,30.68
509,2024-06-23 08:10:59,7,3,47,251,2,46.77,93.54
510,2024-03-31 17:35:21,1,4,28,139,1,4.08,4.08
511,2024-07-17 11:28:24,5,4,11,286,1,3.63,3.63
512,2025-01-14 13:06:06,8,3,2,564,1,30.38,30.38
513,2024-07-17 05:26:06,8,3,38,285,1,34.94,34.94
514,2024-12-09 05:40:50,5,2,29,506,1,362.51,362.51
515,2024-11-30 20:47:10,4,4,8,490,1,5.63,5.63
516,2024-06-15 03:24:07,9,3,3,244,1,35.46,35.46
517,2024-07-09 20:21:21,2,1,49,272,1,133.8,133.8
518,2025-03-09 15:47:39,1,4,17,654,3,6.56,19.68
519,2025-02-21 00:59:52,2,2,17,619,1,306.75,306.75
520,2024-10-04 09:48:50,9,2,32,398,1,395.86,395.86
521,2024-07-11 06:39:17,5,2,19,277,1,362.48,362.48
522,2024-09-04 02:08:34,1,4,46,352,1,4.57,4.57
523,2025-01-26 22:56:46,2,2,35,584,1,365.4,365.4
524,2024-01-20 15:36:13,1,2,18,30,1,373.72,373.72
525,2025-09-23 00:22:11,9,1,14,947,1,202.8,202.8
526,2024-05-13 22:29:34,5,2,44,201,2,341.17,682.34
527,2024-10-12 22:35:26,1,1,30,411,1,145.51,145.51
528,2025-03-08 06:16:41,3,3,46,649,1,40.17,40.17
529,2024-04-27 04:38:09,7,4,18,181,3,3.53,10.59
530,2025-09-11 15:41:43,6,2,2,931,1,426.48,426.48
531,2024-09-17 04:20:24,9,4,45,368,1,4.84,4.84
532,2025-01-23 19:34:10,1,4,12,574,2,5.14,10.28
533,2024-03-01 19:06:29,1,1,43,90,2,212.39,424.78
534,2025-03-21 06:08:59,1,3,36,666,2,37.84,75.68
535,2024-11-22 21:40:28,4,3,12,476,1,38.65,38.65
536,2025-02-24 17:17:37,8,2,38,627,1,375.38,375.38
537,2024-12-10 07:20:58,7,4,5,507,1,4.5,4.5
538,2024-12-23 22:19:44,3,2,20,534,1,289.95,289.95
539,2024-01-24 23:45:23,7,1,18,35,1,184.72,184.72
540,2025-04-23 14:16:46,7,3,33,707,2,37.64,75.28
541,2025-03-19 14:55:26,2,1,27,661,1,204.36,204.36
542,2024-07-10 13:33:30,8,2,31,275,1,355.77,355.77
543,2024-10-13 01:28:08,5,3,24,412,1,46.05,46.05
544,2024-07-07 14:47:22,1,3,37,269,1,44.74,44.74
545,2024-03-30 01:48:42,4,2,9,136,1,309.4,309.4
546,2025-05-02 06:36:39,8,2,36,723,1,384.41,384.41
547,2025-07-03 03:19:36,7,1,3,819,1,226.95,226.95
548,2025-01-03 00:21:29,3,2,5,550,1,403.73,403.73
549,2025-07-22 21:51:23,8,3,37,860,1,41.73,41.73
550,2025-09-22 15:20:21,4,3,8,946,1,41.39,41.39
551,2025-06-19 07:06:44,5,2,39,802,2,347.15,694.3
552,2024-07-14 20:29:05,1,1,7,280,1,200.38,200.38
553,2024-08-14 16:46:44,10,3,8,329,1,50.34,50.34
554,2025-09-02 15:20:57,9,3,47,916,2,40.48,80.96
555,2024-05-27 02:30:01,2,1,9,211,1,178.05,178.05
556,2025-06-06 02:05:48,6,3,46,780,1,41.86,41.86
557,2024-07-13 17:11:25,8,1,18,279,1,221.36,221.36
558,2024-03-07 07:38:45,6,2,40,97,1,401.29,401.29
559,2024-11-25 11:52:46,3,3,47,480,1,34.08,34.08
560,2025-10-06 02:32:33,10,3,6,972,2,48.78,97.56
561,2025-08-09 05:05:57,3,3,17,881,1,44.25,44.25
562,2024-01-06 16:37:08,4,4,29,14,2,6.05,12.1
563,2024-04-22 22:31:12,4,1,44,174,1,159.37,159.37
564,2024-02-07 02:09:34,9,4,10,62,3,5.8,17.4
565,2024-11-12 10:55:25,6,2,10,461,1,295.94,295.94
566,2025-08-21 11:39:24,8,2,19,895,1,335.39,335.39
567,2025-07-14 05:34:37,10,4,11,838,2,5.56,11.12
568,2025-07-13 07:33:35,10,2,14,836,1,291.4,291.4
569,2025-05-30 11:31:48,9,1,7,765,1,183.08,183.08
570,2025-01-14 11:46:45,10,3,42,565,1,31.94,31.94
571,2025-01-25 00:28:11,10,3,40,578,1,44.29,44.29
572,2024-08-18 17:06:15,10,3,8,336,1,35.27,35.27
573,2024-06-10 20:40:08,7,1,27,234,1,199.47,199.47
574,2024-07-30 11:39:46,2,3,33,309,1,42.43,42.43
575,2024-12-07 18:42:24,2,1,32,502,1,207.89,207.89
576,2024-08-15 05:19:28,8,3,50,330,2,41.23,82.46
577,2024-02-07 22:59:43,4,3,33,63,1,41.22,41.22
578,2024-05-13 18:47:44,9,4,35,200,3,4.03,12.09
579,2025-06-02 11:28:42,10,4,2,773,2,4.83,9.66
580,2025-07-09 05:14:34,7,1,4,827,1,204.8,204.8
581,2025-04-09 16:27:22,8,1,31,690,2,201.53,403.06
582,2024-02-14 13:04:30,3,3,46,71,2,39.29,78.58
583,2024-08-01 19:38:24,5,4,20,312,1,4.5,4.5
584,2024-04-06 05:06:17,10,1,33,150,1,207.23,207.23
585,2024-11-19 06:50:17,9,2,11,468,2,374.06,748.12
586,2024-08-25 06:06:48,3,2,23,339,1,328.32,328.32
587,2024-08-27 05:22:43,10,2,38,341,1,401.69,401.69
588,2024-05-25 12:45:13,5,3,33,210,2,48.93,97.86
589,2024-12-17 19:26:38,9,2,6,520,1,351.85,351.85
590,2025-04-15 16:31:26,6,2,44,699,1,310.44,310.44
591,2024-11-10 09:26:40,7,4,47,457,1,4.15,4.15
592,2024-06-05 21:54:00,2,2,24,223,1,334.67,334.67
593,2025-04-10 10:29:23,4,1,18,691,1,197.89,197.89
594,2024-07-25 04:02:13,8,4,27,297,1,4.12,4.12
595,2025-03-11 02:13:52,9,2,41,655,1,333.15,333.15
596,2024-04-23 14:02:27,1,4,23,176,1,5.7,5.7
597,2024-03-18 16:06:34,1,4,2,118,1,3.51,3.51
598,2024-07-31 15:19:48,7,3,4,311,1,40.58,40.58
599,2024-07-10 02:49:55,5,1,41,274,1,182.91,182.91
600,2024-06-05 07:15:20,9,4,40,222,1,4.99,4.99
601,2024-12-30 10:00:26,1,3,39,545,1,49.31,49.31
602,2024-05-01 15:30:20,4,2,7,187,1,347.21,347.21
603,2025-07-24 19:22:58,1,4,9,863,3,4.85,14.55
604,2025-10-14 22:06:58,8,4,20,986,2,5.48,10.96
605,2024-10-02 07:27:12,9,4,12,390,2,5.22,10.44
606,2024-06-03 09:10:23,2,1,20,217,1,201.99,201.99
607,2024-03-16 10:13:09,4,3,28,113,1,41.95,41.95
608,2024-05-14 03:02:45,9,2,15,202,2,413.56,827.12
609,2024-10-10 17:05:02,1,1,7,407,1,224.55,224.55
610,2024-09-06 12:59:23,10,2,21,355,1,336.32,336.32
611,2024-12-02 22:10:12,9,1,37,493,1,243.39,243.39
612,2025-04-01 22:18:08,2,1,31,681,1,184.56,184.56
613,2025-05-22 07:00:17,2,3,17,752,2,40.58,81.16
614,2024-01-10 15:55:34,7,3,16,19,2,41.24,82.48
615,2024-07-30 07:44:33,1,2,30,308,1,333.96,333.96
616,2024-07-27 12:07:37,6,1,9,302,1,239.53,239.53
617,2024-04-06 21:24:21,1,4,42,151,1,4.74,4.74
618,2024-02-28 03:13:33,6,3,44,87,1,39.22,39.22
619,2024-10-01 23:47:58,4,3,2,388,1,46.06,46.06
620,2025-05-25 21:11:12,8,1,49,757,2,185.58,371.16
621,2025-05-01 11:09:15,9,1,2,720,1,162.93,162.93
622,2024-01-20 09:05:36,5,1,23,29,1,202.71,202.71
623,2025-09-21 18:59:11,7,1,34,945,1,170.14,170.14
624,2025-02-10 04:43:02,7,4,17,603,1,4.2,4.2
625,2025-10-24 04:00:51,10,2,11,999,1,246.7,246.7
626,2025-09-27 04:16:42,3,3,3,951,1,28.82,28.82
627,2024-03-29 21:19:09,3,4,37,135,2,3.65,7.3
628,2025-05-03 00:08:07,4,4,2,724,2,6.23,12.46
629,2025-07-27 19:06:12,8,2,25,866,2,255.19,510.38
630,2024-12-21 10:21:23,9,2,20,530,1,298.08,298.08
631,2025-06-15 10:46:28,3,2,49,796,1,344.04,344.04
632,2024-02-03 22:48:52,2,1,47,53,2,216.9,433.8
633,2025-03-19 04:21:25,7,4,41,660,1,5.53,5.53
634,2024-12-12 21:19:39,6,3,37,512,1,35.48,35.48
635,2024-04-19 17:55:58,4,2,28,170,1,354.11,354.11
636,2025-02-12 13:37:45,2,3,18,608,1,39.15,39.15
637,2024-04-13 08:00:18,9,3,9,163,1,40.13,40.13
638,2025-05-09 14:57:09,9,1,49,738,1,203.46,203.46
639,2025-05-08 01:41:27,8,3,20,736,1,42.41,42.41
640,2025-07-20 06:16:32,6,4,22,853,2,4.58,9.16
641,2025-04-08 23:11:00,3,3,8,689,1,46.97,46.97
642,2024-09-11 03:26:08,5,3,14,359,1,50.83,50.83
643,2025-01-16 03:23:53,1,1,32,567,1,188.69,188.69
644,2025-09-09 10:24:53,3,3,22,926,1,53.13,53.13
645,2025-03-07 00:34:11,5,4,30,645,1,4.62,4.62
646,2024-10-05 15:38:56,5,2,11,400,1,355.02,355.02
647,2024-03-30 05:45:44,1,3,5,137,1,39.2,39.2
648,2024-02-06 11:36:39,10,3,45,59,1,40.34,40.34
649,2024-04-02 15:03:05,3,1,22,142,1,230.0,230.0
650,2024-06-13 14:26:54,6,2,19,241,2,340.15,680.3
651,2024-07-11 03:51:15,5,4,15,276,2,4.17,8.34
652,2024-11-14 20:33:12,5,4,33,467,2,4.57,9.14
653,2025-06-10 05:18:50,9,2,29,786,1,340.26,340.26
654,2025-09-23 12:27:20,8,2,20,948,2,359.5,719.0
655,2024-01-08 23:51:52,9,4,47,16,3,4.44,13.32
656,2024-10-02 10:58:16,4,1,46,391,2,179.53,359.06
657,2025-03-08 14:19:57,3,2,10,650,1,361.38,361.38
658,2024-08-17 18:08:32,5,1,33,333,1,206.48,206.48
659,2025-05-02 03:18:28,6,1,49,722,1,225.28,225.28
660,2024-04-14 16:53:32,4,3,25,166,2,36.5,73.0
661,2025-01-20 02:19:03,5,2,2,571,1,376.21,376.21
662,2024-03-09 06:55:31,2,4,7,101,1,4.9,4.9
663,2025-01-05 03:05:39,6,4,34,554,2,4.66,9.32
664,2025-09-02 13:52:44,8,4,46,915,1,4.92,4.92
665,2024-02-25 17:59:17,6,3,7,81,2,40.18,80.36
666,2025-04-15 11:32:59,9,3,28,698,1,32.82,32.82
667,2024-12-07 12:48:49,10,3,25,501,1,33.22,33.22
668,2025-10-21 23:29:47,10,4,15,993,1,5.48,5.48
669,2024-09-08 14:15:27,1,1,32,357,1,188.01,188.01
670,2024-06-12 00:33:56,9,3,44,236,1,41.13,41.13
671,2024-11-30 12:23:01,4,1,12,488,1,217.05,217.05
672,2024-06-18 12:14:14,5,2,3,248,1,337.37,337.37
673,2024-12-24 04:18:06,5,2,18,535,1,328.45,328.45
674,2024-02-10 04:37:16,3,3,16,67,1,44.5,44.5
675,2025-08-15 09:20:25,9,4,37,887,2,6.13,12.26
676,2024-12-08 03:17:58,7,1,27,503,2,195.46,390.92
677,2025-01-31 19:22:38,10,3,1,590,1,22.9,22.9
678,2024-08-29 23:28:46,10,1,17,343,1,158.6,158.6
679,2025-03-09 06:16:33,5,1,37,653,1,203.56,203.56
680,2024-12-20 03:07:38,8,2,24,528,1,423.33,423.33
681,2025-03-06 20:37:25,6,3,29,644,1,53.68,53.68
682,2024-10-25 02:59:06,5,1,14,434,1,159.89,159.89
683,2025-05-20 14:19:58,8,2,16,748,1,330.43,330.43
684,2024-12-02 22:31:46,7,4,7,492,2,4.29,8.58
685,2024-05-12 22:24:26,10,2,5,199,1,341.55,341.55
686,2024-11-22 08:07:54,8,4,2,475,1,5.61,5.61
687,2024-03-26 18:45:18,7,4,32,133,2,5.87,11.74
688,2025-10-17 19:48:41,10,2,8,989,1,413.13,413.13
689,2024-03-08 12:38:05,2,3,29,100,1,31.67,31.67
690,2025-03-25 00:02:40,8,3,48,671,1,40.06,40.06
691,2024-08-03 17:46:32,4,2,35,315,2,318.39,636.78
692,2024-11-24 16:41:47,5,2,29,479,1,338.66,338.66
693,2025-01-25 00:12:51,8,2,6,577,1,324.92,324.92
694,2025-05-23 00:11:25,3,1,25,753,1,158.84,158.84
695,2025-06-20 12:32:27,9,1,45,805,1,234.15,234.15
696,2024-01-25 12:55:10,5,2,20,36,1,311.16,311.16
697,2025-03-12 04:36:14,4,4,42,657,2,4.56,9.12
698,2024-09-03 19:35:20,4,1,36,351,2,240.9,481.8
699,2024-08-03 15:51:57,5,1,14,314,1,154.27,154.27
700,2024-12-18 20:20:35,10,2,8,525,3,370.33,1110.99
701,2024-03-25 19:22:51,2,3,1,130,1,45.74,45.74
702,2024-01-12 17:15:16,6,1,14,22,1,238.13,238.13
703,2025-02-02 21:06:24,9,1,17,594,1,208.51,208.51
704,2024-09-30 00:14:23,5,1,33,386,1,218.89,218.89
705,2024-08-31 15:47:17,6,2,29,347,1,364.75,364.75
706,2024-08-17 21:00:47,4,1,24,334,1,191.51,191.51
707,2025-06-27 15:40:32,2,4,37,811,1,5.59,5.59
708,2025-04-26 02:38:54,7,4,39,712,3,4.58,13.74
709,2024-01-02 01:59:58,10,2,36,3,1,372.69,372.69
710,2025-10-14 16:25:35,6,1,45,983,1,153.43,153.43
711,2025-03-23 17:51:05,5,1,18,670,1,175.69,175.69
712,2024-12-23 17:25:45,2,2,42,533,1,423.92,423.92
713,2024-05-14 05:38:39,10,2,22,203,1,348.43,348.43
714,2025-01-31 20:37:37,9,3,10,591,1,29.06,29.06
715,2024-03-08 13:29:56,10,2,8,99,1,453.45,453.45
716,2025-01-25 12:10:15,4,2,5,579,1,395.35,395.35
717,2024-06-05 02:09:36,7,2,48,221,1,352.9,352.9
718,2024-04-08 00:10:53,5,3,9,152,2,37.92,75.84
719,2025-02-03 20:34:42,3,3,42,595,1,48.51,48.51
720,2025-09-28 10:58:21,3,1,40,957,1,231.57,231.57
721,2025-02-12 11:40:36,4,2,22,607,1,423.85,423.85
722,2024-10-11 13:38:10,6,3,46,408,1,42.61,42.61
723,2025-02-25 08:30:59,2,3,46,629,1,36.97,36.97
724,2025-03-20 07:39:52,8,3,47,662,1,37.34,37.34
725,2024-06-12 07:05:31,5,3,25,239,1,38.78,38.78
726,2025-05-26 22:00:26,9,3,15,758,1,29.92,29.92
727,2024-12-03 16:18:35,3,2,3,496,1,382.44,382.44
728,2025-07-25 23:53:18,1,3,43,864,1,41.8,41.8
729,2025-04-27 12:05:30,4,2,44,713,1,346.6,346.6
730,2025-07-18 20:30:35,10,2,27,850,1,358.31,358.31
731,2025-05-01 05:40:42,4,1,4,719,1,189.34,189.34
732,2024-08-30 21:20:47,8,2,42,345,1,436.11,436.11
733,2024-04-22 06:34:30,9,1,15,173,2,158.31,316.62
734,2024-07-16 09:33:45,3,1,28,283,1,152.25,152.25
735,2025-09-28 07:09:16,7,2,33,956,2,403.17,806.34
736,2025-01-31 02:30:04,3,3,8,589,1,41.0,41.0
737,2024-04-04 10:03:25,4,4,4,146,3,5.91,17.73
738,2024-05-24 07:07:11,3,1,4,208,2,212.63,425.26
739,2025-01-03 17:42:23,7,4,48,553,1,5.58,5.58
740,2025-09-30 13:35:56,9,2,48,965,1,339.99,339.99
741,2024-03-14 06:43:28,3,3,22,109,1,46.8,46.8
742,2025-06-14 07:57:46,3,3,22,790,2,35.5,71.0
743,2024-07-12 16:12:48,9,4,21,278,1,5.26,5.26
744,2025-09-30 14:10:45,5,1,18,966,1,183.41,183.41
745,2025-06-19 21:05:07,6,4,28,803,3,5.32,15.96
746,2024-08-12 05:38:55,8,1,18,325,1,251.5,251.5
747,2025-07-06 17:14:22,2,4,31,822,1,4.93,4.93
748,2024-01-11 10:03:07,9,3,19,21,1,38.97,38.97
749,2024-03-20 08:13:07,4,2,32,123,1,389.26,389.26
750,2024-02-29 23:39:47,7,2,48,89,1,335.45,335.45
751,2024-04-05 12:40:30,5,1,11,149,1,221.73,221.73
752,2024-01-24 08:10:52,8,4,4,32,1,5.15,5.15
753,2024-08-13 19:11:42,7,3,27,328,1,29.31,29.31
754,2025-01-29 02:36:48,2,4,6,587,2,3.74,7.48
755,2024-11-11 17:58:01,2,3,12,460,1,33.02,33.02
756,2025-05-31 10:28:26,9,4,40,767,3,4.13,12.39
757,2024-07-19 06:20:23,6,4,21,291,1,5.1,5.1
758,2025-03-30 21:47:11,3,2,28,679,1,271.01,271.01
759,2025-05-15 18:46:16,2,3,39,744,1,28.05,28.05
760,2025-08-28 18:21:48,2,2,7,904,1,319.8,319.8
761,2024-10-04 13:22:42,10,4,24,399,2,5.97,11.94
762,2025-09-07 03:45:59,10,3,2,925,2,39.08,78.16
763,2024-10-27 13:30:41,4,2,25,436,1,370.52,370.52
764,2025-09-05 01:01:21,3,3,12,919,2,47.4,94.8
765,2025-10-23 18:41:22,5,2,46,998,1,287.55,287.55
766,2025-08-11 09:09:24,2,3,14,884,1,51.6,51.6
767,2025-07-29 08:09:31,6,2,11,869,1,289.74,289.74
768,2024-11-12 20:09:36,7,2,1,463,1,327.36,327.36
769,2024-10-12 22:30:50,10,4,7,410,1,6.15,6.15
770,2024-07-21 00:29:42,4,1,11,292,1,187.6,187.6
771,2025-09-02 06:23:04,2,4,12,914,1,6.54,6.54
772,2025-04-07 22:17:22,2,1,37,687,1,240.71,240.71
773,2025-09-12 12:43:59,4,1,45,932,1,183.45,183.45
774,2024-07-05 00:08:39,7,1,43,266,1,242.17,242.17
775,2025-03-20 18:51:20,1,1,48,663,2,142.97,285.94
776,2025-01-07 17:48:54,8,1,45,557,1,195.38,195.38
777,2024-06-16 23:25:55,5,4,23,245,1,5.2,5.2
778,2024-08-09 04:04:37,8,4,20,322,1,4.65,4.65
779,2024-03-11 17:45:48,5,3,33,106,1,37.0,37.0
780,2024-10-03 05:46:26,2,1,16,393,1,168.69,168.69
781,2025-01-27 11:12:51,1,4,31,585,3,5.37,16.11
782,2024-06-14 08:18:48,6,3,50,242,2,39.04,78.08
783,2025-07-08 21:37:10,6,3,10,825,1,50.55,50.55
784,2025-06-15 16:57:29,9,4,39,797,1,4.87,4.87
785,2024-04-02 05:20:05,9,2,47,141,1,285.02,285.02
786,2024-12-12 11:31:55,2,2,27,510,1,380.63,380.63
787,2024-12-26 00:29:58,4,4,18,539,3,5.67,17.01
788,2024-07-06 02:39:52,3,3,13,267,2,39.34,78.68
789,2024-11-26 17:34:52,2,3,9,481,1,52.66,52.66
790,2024-09-01 14:27:22,1,3,17,348,1,31.44,31.44
791,2025-07-21 08:02:37,1,4,38,857,2,6.22,12.44
792,2024-04-12 03:15:04,6,2,26,160,1,402.46,402.46
793,2024-10-31 07:08:41,2,1,12,445,1,184.09,184.09
794,2024-08-05 16:48:47,2,2,28,317,1,390.97,390.97
795,2024-12-18 01:04:13,2,3,41,522,1,32.33,32.33
796,2024-10-29 03:11:29,8,4,1,441,2,5.8,11.6
797,2025-05-07 09:50:30,7,2,2,735,1,379.93,379.93
798,2025-07-02 10:15:16,10,3,48,818,1,38.71,38.71
799,2025-03-26 08:39:22,2,4,38,673,1,5.42,5.42
800,2024-10-22 04:03:05,3,4,29,425,2,5.67,11.34
801,2025-02-21 16:54:31,5,4,46,620,2,4.12,8.24
802,2025-06-09 13:51:13,7,4,30,785,2,5.0,10.0
803,2024-02-26 06:03:20,2,3,27,83,1,38.23,38.23
804,2024-06-30 16:22:18,3,2,11,261,1,396.66,396.66
805,2025-05-20 19:45:05,5,2,41,750,1,297.84,297.84
806,2024-10-25 02:37:06,1,3,39,433,1,49.68,49.68
807,2025-02-24 04:40:45,4,1,15,624,2,150.02,300.04
808,2024-10-21 15:40:27,8,3,37,424,2,48.1,96.2
809,2025-09-30 13:39:27,6,3,37,964,1,24.87,24.87
810,2025-06-03 21:15:33,5,3,5,777,1,46.73,46.73
811,2024-10-03 09:38:52,5,2,9,395,2,304.28,608.56
812,2025-09-05 03:37:44,10,3,30,920,2,26.63,53.26
813,2025-06-05 02:22:55,6,1,32,779,1,186.55,186.55
814,2024-03-04 09:56:56,6,3,33,96,2,47.79,95.58
815,2025-07-18 07:19:20,10,4,19,848,2,3.99,7.98
816,2025-01-01 17:10:37,2,4,42,548,2,5.38,10.76
817,2024-01-10 17:55:30,1,4,23,20,1,3.45,3.45
818,2025-05-03 14:51:31,5,2,11,726,2,340.54,681.08
819,2024-06-13 08:23:17,4,1,6,240,1,192.79,192.79
820,2024-05-18 15:04:46,3,3,44,206,1,39.5,39.5
821,2025-05-05 13:19:20,2,1,36,733,1,255.28,255.28
822,2024-07-28 20:22:43,9,2,24,305,2,332.39,664.78
823,2025-03-08 20:46:54,7,3,11,652,1,42.16,42.16
824,2024-02-04 05:33:58,7,3,5,54,1,41.94,41.94
825,2024-11-07 03:59:46,2,3,8,454,1,39.58,39.58
826,2025-10-03 23:41:09,4,4,6,970,1,4.16,4.16
827,2025-09-05 20:00:38,7,1,27,922,2,200.77,401.54
828,2024-11-23 13:48:02,6,4,10,478,2,3.49,6.98
829,2025-01-07 05:41:49,7,3,7,556,1,42.77,42.77
830,2025-02-08 20:33:53,7,2,15,600,1,236.91,236.91
831,2024-02-06 20:50:26,5,2,35,61,1,369.24,369.24
832,2024-05-07 23:16:50,8,3,25,194,2,36.07,72.14
833,2024-06-28 15:15:05,3,3,8,260,1,34.02,34.02
834,2024-01-03 21:48:15,1,2,38,4,1,388.68,388.68
835,2025-08-01 14:13:18,10,1,25,871,1,185.62,185.62
836,2024-01-28 14:19:00,1,1,10,41,2,199.22,398.44
837,2025-10-14 18:36:27,3,2,35,984,1,263.81,263.81
838,2025-07-13 07:36:12,2,2,50,835,1,425.46,425.46
839,2024-06-09 09:45:20,3,3,28,232,1,40.62,40.62
840,2024-12-21 17:38:19,4,4,9,531,1,5.08,5.08
841,2024-01-15 00:47:41,2,1,16,23,1,234.43,234.43
842,2025-04-15 05:09:45,5,2,30,696,3,375.41,1126.23
843,2024-12-06 21:48:50,10,1,50,499,1,123.37,123.37
844,2024-04-11 16:41:15,2,4,47,157,1,6.17,6.17
845,2025-09-27 09:45:12,10,3,47,952,1,37.77,37.77
846,2025-08-25 23:56:20,5,1,42,901,1,243.25,243.25
847,2025-07-08 11:33:17,6,2,29,824,1,328.75,328.75
848,2024-02-27 04:02:44,5,3,33,86,1,36.23,36.23
849,2024-12-14 03:54:47,4,4,37,515,1,5.31,5.31
850,2025-06-19 22:04:48,2,3,36,804,1,52.79,52.79
851,2025-08-17 17:47:24,6,2,32,890,1,410.44,410.44
852,2025-07-14 23:05:10,10,3,7,839,1,43.15,43.15
853,2025-07-06 13:10:56,6,3,44,821,1,42.37,42.37
854,2025-01-09 13:01:45,6,3,1,558,1,40.3,40.3
855,2025-02-14 23:09:12,7,1,22,611,3,241.63,724.89
856,2024-01-15 13:11:06,4,3,22,24,2,44.59,89.18
857,2024-10-02 22:36:32,2,1,50,392,2,156.11,312.22
858,2024-05-18 01:23:17,6,4,5,205,3,4.26,12.78
859,2025-08-26 18:12:39,9,4,24,903,1,5.42,5.42
860,2025-07-01 05:32:41,4,3,18,816,2,33.08,66.16
861,2024-12-18 07:04:54,9,3,5,523,1,40.59,40.59
862,2024-06-03 22:12:06,9,1,12,218,1,224.49,224.49
863,2024-12-03 01:50:22,3,4,22,495,4,5.31,21.24
864,2025-04-24 15:40:32,6,2,46,710,1,281.93,281.93
865,2025-02-12 19:29:40,8,2,20,610,1,300.64,300.64
866,2024-07-26 05:59:54,5,3,45,298,1,42.71,42.71
867,2024-06-17 17:34:06,7,4,37,246,1,6.49,6.49
868,2024-11-11 05:05:16,10,2,41,458,1,343.73,343.73
869,2024-03-12 03:12:29,7,3,43,107,1,45.35,45.35
870,2025-01-01 14:31:15,9,3,36,546,2,42.57,85.14
871,2025-09-09 12:05:43,9,2,37,928,2,315.08,630.16
872,2024-09-11 13:39:51,9,3,8,360,1,45.43,45.43
873,2024-01-05 17:22:33,9,4,36,10,3,3.75,11.25
874,2025-05-30 18:25:49,3,2,3,766,1,393.21,393.21
875,2024-03-19 13:10:26,1,4,37,119,1,5.37,5.37
876,2024-06-06 13:08:53,2,4,33,225,2,4.57,9.14
877,2024-05-11 09:09:41,3,4,38,198,1,4.19,4.19
878,2025-06-25 08:21:22,7,3,33,808,1,37.04,37.04
879,2024-03-22 09:07:21,6,4,19,127,1,4.45,4.45
880,2024-12-29 12:22:18,5,3,19,543,1,38.3,38.3
881,2024-06-23 22:22:21,1,4,30,252,3,4.7,14.1
882,2024-02-02 06:37:36,7,3,24,48,1,36.54,36.54
883,2025-10-18 14:32:27,4,4,18,990,1,3.72,3.72
884,2025-05-11 21:08:23,8,4,25,739,1,4.09,4.09
885,2024-08-27 03:35:46,2,4,27,340,2,5.81,11.62
886,2025-06-10 16:52:01,3,3,12,787,1,36.71,36.71
887,2025-07-21 20:52:12,1,3,32,858,1,38.41,38.41
888,2024-08-30 05:48:48,3,4,16,344,2,4.66,9.32
889,2024-05-01 06:34:11,10,2,14,186,1,426.4,426.4
890,2024-10-12 15:50:10,5,1,21,409,1,176.31,176.31
891,2024-02-08 13:17:12,5,4,6,64,2,4.38,8.76
892,2024-11-12 13:09:52,3,3,31,462,1,43.09,43.09
893,2025-06-25 17:58:40,3,2,37,809,1,359.2,359.2
894,2024-03-10 19:02:42,7,3,48,104,1,43.27,43.27
895,2025-09-21 06:10:49,10,1,15,944,1,213.25,213.25
896,2025-05-25 17:08:22,8,2,27,756,1,399.0,399.0
897,2025-08-18 06:16:19,8,2,26,891,1,280.67,280.67
898,2024-06-04 20:57:26,5,2,37,220,1,346.32,346.32
899,2025-01-24 05:29:09,1,4,32,575,1,5.3,5.3
900,2024-06-20 19:00:58,8,3,41,250,1,36.12,36.12
901,2024-06-12 00:57:06,9,1,43,237,1,168.26,168.26
902,2025-03-08 16:18:21,6,2,6,651,1,320.76,320.76
903,2024-02-26 00:04:59,1,1,18,82,1,216.77,216.77
904,2024-10-28 04:43:30,8,4,33,439,2,5.07,10.14
905,2025-03-30 16:16:05,10,2,28,677,1,325.95,325.95
906,2025-03-17 07:24:15,3,2,25,658,1,296.38,296.38
907,2025-09-21 01:06:56,2,2,9,941,1,329.74,329.74
908,2024-08-29 10:20:04,8,1,29,342,1,168.87,168.87
909,2024-06-10 14:12:12,4,4,38,233,1,5.39,5.39
910,2024-02-04 10:48:44,8,3,2,55,1,29.25,29.25
911,2025-02-07 01:10:45,8,2,30,599,1,406.87,406.87
912,2024-11-01 07:02:59,3,2,46,446,1,328.12,328.12
913,2024-08-09 05:37:59,1,3,29,321,1,40.49,40.49
914,2024-01-10 05:40:51,6,1,48,18,1,201.86,201.86
915,2024-07-22 02:00:03,5,4,18,294,1,4.19,4.19
916,2024-10-14 11:13:16,9,3,1,414,1,42.83,42.83
917,2024-06-08 23:51:43,4,1,35,231,1,202.31,202.31
918,2024-07-03 09:17:01,3,3,11,265,2,36.25,72.5
919,2024-09-16 03:41:48,9,4,1,366,3,4.45,13.35
920,2025-08-12 11:11:45,8,1,10,885,2,235.82,471.64
921,2024-07-03 07:35:04,7,3,47,264,1,49.97,49.97
922,2024-08-12 16:06:45,10,3,40,327,1,34.74,34.74
923,2024-02-19 04:31:50,8,4,14,76,1,5.85,5.85
924,2024-02-17 19:12:12,9,3,30,73,1,33.65,33.65
925,2025-08-18 14:24:11,8,3,17,892,1,41.22,41.22
926,2024-03-20 15:51:17,5,4,9,125,1,6.77,6.77
927,2024-03-20 16:53:09,1,4,50,126,2,4.95,9.9
928,2025-07-13 20:26:29,7,2,41,837,2,330.83,661.66
929,2024-10-03 09:17:45,8,3,19,394,2,29.99,59.98
930,2024-09-16 13:40:38,10,1,18,367,1,230.31,230.31
931,2024-01-17 13:55:02,7,4,41,27,3,4.42,13.26
932,2025-06-23 06:40:24,6,4,24,806,1,5.43,5.43
933,2025-02-16 06:59:42,6,2,19,614,1,335.9,335.9
934,2024-12-03 01:10:11,2,3,20,494,1,36.74,36.74
935,2025-07-24 16:07:21,1,4,23,862,1,4.02,4.02
936,2025-05-31 18:29:19,1,1,27,768,1,143.38,143.38
937,2025-08-29 20:05:03,10,3,3,905,1,31.65,31.65
938,2025-09-29 12:15:53,8,4,25,960,3,6.62,19.86
939,2024-10-08 09:54:04,3,4,22,403,1,5.19,5.19
940,2025-09-04 04:13:26,5,1,14,918,1,189.77,189.77
941,2025-07-28 09:53:51,5,4,18,867,3,4.65,13.95
942,2024-09-04 16:16:06,3,4,22,353,1,4.29,4.29
943,2025-06-13 20:36:31,5,1,19,789,2,101.59,203.18
944,2025-05-30 09:24:56,4,3,46,764,1,39.72,39.72
945,2025-08-26 01:36:30,7,3,27,902,1,45.18,45.18
946,2024-12-02 05:14:21,8,4,26,491,2,3.94,7.88
947,2025-05-24 13:40:19,1,1,14,754,2,156.52,313.04
948,2024-11-02 20:08:31,5,4,46,449,3,5.11,15.33
949,2024-11-30 11:31:30,10,3,2,487,1,37.54,37.54
950,2025-10-22 19:30:23,9,2,28,995,1,360.94,360.94
951,2024-03-08 10:01:39,8,2,9,98,1,337.72,337.72
952,2025-02-05 17:09:16,8,4,39,597,1,4.09,4.09
953,2024-11-13 19:58:39,1,4,19,465,1,4.14,4.14
954,2024-07-24 18:22:46,10,2,15,296,1,372.7,372.7
955,2025-01-22 21:08:40,8,4,3,573,2,6.48,12.96
956,2025-08-31 21:58:47,9,3,40,909,1,42.82,42.82
957,2024-11-02 02:03:02,10,1,20,448,1,223.35,223.35
958,2025-10-21 10:46:47,3,3,14,992,1,39.01,39.01
959,2024-12-07 04:35:21,1,4,43,500,2,4.44,8.88
960,2024-09-17 20:07:08,7,1,1,370,1,142.92,142.92
961,2025-03-30 21:14:04,5,1,24,678,1,198.31,198.31
962,2025-05-13 14:08:14,1,1,9,741,1,192.06,192.06
963,2024-01-04 15:59:57,3,3,7,9,1,47.78,47.78
964,2024-01-02 00:23:26,10,1,2,2,3,235.41,706.23
965,2024-07-07 18:45:29,4,4,10,270,1,5.47,5.47
966,2024-10-04 08:17:36,3,1,48,397,1,171.38,171.38
967,2025-02-12 14:40:22,7,1,23,609,1,197.11,197.11
968,2024-05-25 07:15:48,7,2,50,209,1,265.38,265.38
969,2025-03-27 08:06:40,4,4,14,675,1,5.43,5.43
970,2024-12-11 03:52:36,9,4,39,509,2,6.06,12.12
971,2024-08-31 01:24:17,6,2,5,346,1,473.49,473.49
972,2024-06-11 09:23:27,2,3,6,235,1,27.83,27.83
973,2024-11-19 17:05:27,4,4,1,469,1,4.15,4.15
974,2024-05-02 18:43:03,9,4,45,188,1,4.94,4.94
975,2024-03-20 00:10:19,1,1,34,121,1,173.85,173.85
976,2025-10-11 20:46:16,1,4,38,979,2,4.76,9.52
977,2024-11-05 11:04:58,7,4,47,453,2,4.86,9.72
978,2025-05-09 01:35:41,5,3,17,737,1,29.87,29.87
979,2024-03-17 14:33:01,3,3,37,116,1,32.38,32.38
980,2025-09-10 18:05:23,5,2,26,930,1,377.69,377.69
981,2025-03-27 06:39:22,2,4,28,674,1,6.06,6.06
982,2025-09-30 16:01:55,4,4,34,967,2,4.97,9.94
983,2025-09-21 05:15:19,3,3,24,943,1,44.59,44.59
984,2024-11-21 00:39:39,6,3,2,473,1,35.88,35.88
985,2025-08-30 12:56:43,7,2,4,907,1,261.65,261.65
986,2024-12-17 01:59:02,10,3,26,518,1,33.28,33.28
987,2024-03-17 18:39:25,1,1,29,117,1,198.9,198.9
988,2024-10-02 02:44:36,4,4,37,389,2,4.31,8.62
989,2024-01-29 02:04:21,3,3,29,42,1,39.32,39.32
990,2024-04-14 12:03:17,6,3,10,165,1,42.31,42.31
991,2025-05-04 10:45:47,6,1,19,728,1,180.22,180.22
992,2025-07-07 21:05:51,9,3,23,823,1,39.22,39.22
993,2024-03-10 14:27:25,10,1,50,103,1,186.68,186.68
994,2025-05-14 06:05:21,8,4,27,742,1,5.06,5.06
995,2025-05-20 15:14:13,2,3,32,749,1,33.88,33.88
996,2024-08-15 14:28:01,1,2,37,331,1,388.54,388.54
997,2025-04-15 11:02:37,9,4,19,697,2,4.6,9.2
998,2024-06-07 17:58:57,10,4,49,228,1,5.48,5.48
999,2024-09-06 13:52:19,3,1,34,356,1,222.8,222.8
1000,2024-04-03 21:46:54,1,1,43,145,1,156.75,156.75
